Artist,Title,Mood
Usher,There Goes My Baby,relaxed
Da'Ville,On My Mind,relaxed
Rihanna,Rockstar 101 ,relaxed
J. Holiday,Bed,relaxed
Morgan Heritage,Don't Haffi Dread,angry
Whitney Houston,My Love Is Your Love,happy
Serani,Study People,angry
Austra,Spellwork,angry
Coro,Can't Let You Go,happy
Beenie Man,Slam,relaxed
Deitrick Haddon,Love Him Like I Do ,happy
The Jackson 5,ABC,relaxed
Maysa,The Lady In My Life,happy
Ryan Shaw,We Got Love,happy
The Paris Sisters,I Love How You Love Me,happy
New Direction,I Came To Jesus,sad
Kurt Carr & The Kurt Carr Singers,God Great God,happy
Kenny Lattimore,And I Love Her,happy
Jordin Sparks,Battlefield,angry
Spoon,You Got Yr. Cherry Bomb,angry
Tarralyn Ramsey,Peace Of God,relaxed
Tyrese,One,relaxed
Dr. Dog,Where'd All The Time Go?,sad
Tarralyn Ramsey,Unconditional Love,happy
Kool & The Gang,Steppin' Into Love,happy
Anders Osborne,Darkness At The Bottom,sad
The Rolling Stones,Gimme Shelter,angry
The Rolling Stones,Happy,happy
Bobby Bare,Detroit City,relaxed
Gene Watson,Got No Reason Now For Goin' Home,relaxed
George Strait,El Rey,sad
Playing For Change,Don't Worry,relaxed
The Rolling Stones,Melody,relaxed
Stars,Fixed,sad
Glasser,Home,relaxed
Betty Wright,Where Is The Love,happy
Mavis Staples,You Are Not Alone,angry
The Rolling Stones,Not Fade Away,happy
The Beach Boys,God Only Knows,happy
Korn,Blind,sad
Megadeth,Angry Again,angry
Ra,Do You Call My Name,angry
Avenged Sevenfold,Nightmare,angry
Mudvayne,Scream With Me,angry
Static-X,Dirthouse,sad
Metallica,Cyanide,sad
Green Day,Longview,sad
Nirvana,Rape Me,angry
Marilyn Manson,Sweet Dreams ,angry
Staind,Mudshovel,angry
Pantera,This Love,happy
Chevelle,Send The Pain Below,angry
The Red Hot Chili Peppers,Scar Tissue,sad
Metallica,Harvester Of Sorrow,angry
Guns N' Roses,Civil War,angry
Shadows Fall,King Of Nothing,angry
Comeback Kid,Do Yourself A Favor,sad
Rob Zombie,Superbeast,sad
Pearl Jam,Why Go,relaxed
Scorpions,Rock You Like A Hurricane,angry
Nine Inch Nails,Terrible Lie,angry
Stone Temple Pilots,Wicked Garden,angry
Smashing Pumpkins,Bullet With Butterfly Wings,angry
Nirvana,Come As You Are,angry
Black Sabbath,War Pigs,angry
Korn,Everything I've Known,angry
Disturbed,Indestructible,angry
Three Days Grace,Riot,angry
Dierks Bentley,Free And Easy ,relaxed
Kenny Chesney,When The Sun Goes Down ,relaxed
Zac Brown Band,Free,relaxed
Frankie Ballard,Tell Me You Get Lonely,sad
Faith Hill,The Way You Love Me,happy
Blake Shelton,Home,relaxed
Josh Turner,Your Man,relaxed
Alice Cooper,Welcome To My Nightmare,angry
Led Zeppelin,Rock And Roll,sad
Joan Jett & The Blackhearts,I Hate Myself For Loving You,angry
Jonny Lang,Lie To Me,angry
The Doors,Love Her Madly,happy
Eric Clapton,Cocaine,angry
Robert Cray,Smoking Gun,angry
Jefferson Airplane,Somebody To Love,happy
Supertramp,Bloody Well Right,angry
Ted Nugent,Cat Scratch Fever,sad
Alice Cooper,No More Mr. Nice Guy,sad
Neil Young,Heart Of Gold,happy
Boston,Let Me Take You Home Tonight,relaxed
Scorpions,Still Loving You,happy
The Doors,Light My Fire,angry
Night Ranger,Don't Tell Me You Love Me,happy
Lynyrd Skynyrd,That Smell,sad
Pat Benatar,Hit Me With Your Best Shot,angry
Guns N' Roses,Paradise City,relaxed
Yes,I've Seen All Good People,relaxed
Motley Crue,Home Sweet Home,relaxed
Lynyrd Skynyrd,You Got That Right,angry
Bad Company,Feel Like Makin' Love,happy
Jethro Tull,Locomotive Breath,sad
Bad Company,Can't Get Enough,happy
The Who,Love Reign O'er Me,relaxed
Billy Squier,In The Dark,sad
Pink Floyd,One Of These Days,sad
Van Halen,Runnin' With The Devil,angry
David Bowie,Fame,happy
Three Plus,Undercover Lover,relaxed
Three Plus,Honey Baby,relaxed
Three Plus,Two Person Party,relaxed
Bob Marley & The Wailers,Easy Skanking,relaxed
Gregory Isaacs,Private Beach Party,happy
Fiji,Anything You Want,relaxed
Ooklah The Moc,Hell Fire,angry
Shaggy,Angel ,relaxed
Sean Paul,I'm Still In Love With You ,happy
The Beach Boys,Good Vibrations,relaxed
Orleans,Still The One,happy
The Babys,Every Time I Think Of You,happy
R.E.M.,The One I Love,angry
The Cure,Lovesong,happy
Annie Lennox,Walking On Broken Glass,sad
Soft Cell,Tainted Love,happy
Lenny Kravitz,Again,happy
Cyndi Lauper,Time After Time,sad
Falco,Rock Me Amadeus,angry
The Fixx,Saved By Zero,happy
Gino Vannelli,Living Inside Myself,angry
Aretha Franklin,Respect,relaxed
Melissa Etheridge,I'm The Only One,angry
Fleetwood Mac,Go Your Own Way,sad
Andy Kim,Rock Me Gently,relaxed
The Bee Gees,Lonely Days,sad
Rod Stewart,Passion,happy
U2,Pride ,happy
Janet Jackson,Nasty,sad
Howard Jones,What Is Love?,happy
Sheryl Crow,A Change Would Do You Good,relaxed
The Thompson Twins,King For A Day,happy
.38 Special,Second Chance,happy
Depeche Mode,Strangelove,angry
Kajagoogoo,Too Shy,sad
The Flying Lizards,Money ,happy
Kenny Loggins,Danger Zone,angry
Eddie Money,Think I'm In Love,happy
Donna Summer,Bad Girls,sad
John Cougar Mellencamp,Authority Song,angry
Aerosmith,Janie's Got A Gun,angry
The Motels,Only The Lonely,sad
Edwin Starr,War,angry
Tesla,Love Song,happy
Andrew Gold,Lonely Boy,sad
Madonna,Angel,relaxed
Duran Duran,I Don't Want Your Love,happy
Alias,More Than Words Can Say,relaxed
Mr. Mister,Is It Love,happy
Right Said Fred,I'm Too Sexy,happy
John Mellencamp,Lonely Ol' Night,sad
Kenny Loggins,Whenever I Call You Friend ,happy
The Pointer Sisters,Fire,angry
Duran Duran,A View To A Kill,angry
Seals & Crofts,Diamond Girl,relaxed
April Wine,Just Between You And Me,happy
Paul McCartney & Wings,My Love,happy
Nelly Furtado,I'm Like A Bird,relaxed
The Beatles,Can't Buy Me Love,happy
Lita Ford,Kiss Me Deadly,happy
The Trammps,Disco Inferno,angry
Killswitch Engage,This Fire Burns,angry
Atreyu,Lip Gloss And Black,angry
Alkaline Trio,Burn,angry
Demon Hunter,Lifewar,angry
Hot Hot Heat,Bandages,sad
Buzzcocks,Love You More,happy
Social Distortion,Ring Of Fire,angry
Streetlight Manifesto,Sick And Sad,sad
Reel Big Fish,The Fire,angry
Limp Bizkit,Take A Look Around,angry
Rancid,The Bravest Kids,angry
The Clash,White Riot,angry
Me First & The Gimme Gimmes,Over The Rainbow,relaxed
The Winans,Uphold Me,happy
Donnie McClurkin,We Fall Down,sad
Tonex,God Has Not 4got,happy
Jonathan Nelson,My Name Is Victory ,happy
Tamela Mann,Joy Of The Lord,happy
CeCe Winans,Waging War,angry
Juanita Bynum,Peace,relaxed
Vanessa Bell Armstrong,Desire Of My Heart,happy
B.B. King,The Thrill Is Gone,happy
The Art Of Noise,Moments In Love,happy
Norah Jones,Chasing Pirates,sad
Sade,Never As Good As The First Time,relaxed
Chaka Khan,Through The Fire,angry
Alicia Keys,Fallin',happy
Sade,I Couldn't Love You More,happy
Sting,It's Probably Me,angry
Go West,What You Won't Do For Love,happy
Robin Thicke,Lost Without U,happy
Sade,No Ordinary Love,happy
Luther Vandross,Any Love,happy
Sade,Kiss Of Life,happy
Jason Mraz,Lucky ,happy
Kenny G,What A Wonderful World ,relaxed
Bobby Caldwell,What You Won't Do For Love,happy
Dave Matthews Band,Crash Into Me,angry
Michael Buble,Home,relaxed
Anita Baker,Same Ole Love ,happy
Enya,Caribbean Blue,relaxed
Natalie Cole,This Will Be,happy
Avenged Sevenfold,Scream,angry
Metallica,Holier Than Thou,sad
Hail The Villain,Take Back The Fear,angry
Sick Puppies,Street Fighter ,angry
Flyleaf,I'm So Sick,sad
Nirvana,You Know You're Right,angry
Three Days Grace,Home,relaxed
Three Days Grace,Animal I Have Become,angry
Breaking Benjamin,Until The End,angry
Disturbed,The Game,angry
Metallica,Seek And Destroy,angry
Red,Death Of Me,sad
The Prodigy,Breathe,angry
Smashing Pumpkins,Disarm,angry
Soundgarden,Rusty Cage,sad
Silverchair,Tomorrow,sad
Rage Against The Machine,Bombtrack,angry
Taio Cruz,Dirty Picture ,sad
Baby Bash,That's How I Go ,relaxed
Baby Bash,Cyclone ,angry
Baby Bash,Fantasy Girl ,relaxed
Ivory Joe Hunter,Since I Met You Baby,happy
Whitney Houston,I Will Always Love You,happy
Shop Boyz,Party Like A Rock Star,happy
Lady Gaga,LoveGame,happy
Mary J. Blige,Real Love,happy
Chamillionaire,Ridin ,sad
Keith Sweat,Nobody ,happy
Juvenile,Slow Motion ,sad
Mary Wells,What Love Has Joined Together,happy
Fidel Rueda,Me Encantaria,sad
Palomo,No Me Conoces Aun,sad
Los Pikadientes De Caborca,La Cumbia Del Rio,sad
K-Paz De La Sierra,Volvere,sad
Chalino Sanchez,Cuatro Espadas,sad
Banda El Recodo,Pena Tras Pena,sad
Los Cadetes De Linares,Las Tres Tumbas,sad
Los Temerarios,Al Otro Lado Del Sol,sad
Chalino Sanchez,Baraja De Oro ,sad
Eric Church,Love Your Love The Most,happy
Tim McGraw,It's Your Love ,happy
Temple Of The Dog,Hunger Strike,sad
Eric Clapton,Cocaine,angry
Soul For Real,Candy Rain,relaxed
Tank,Sex Music,happy
Matt Redman,This Is How We Know,happy
Big Daddy Weave,Just The Way I Am,happy
Point Of Grace,All The World,relaxed
Steven Curtis Chapman,All About Love,happy
Chris Tomlin,Our God,happy
Steven Curtis Chapman,Not Home Yet,relaxed
Digital Underground,Kiss You Back,happy
Mark Ronson,Bang Bang Bang ,sad
Sting,I Hung My Head,sad
Carrie Rodriguez,Big Love,happy
The Secret Sisters,The One I Love Is Gone,relaxed
Shelby Lynne,Family Tree,sad
Ra Ra Riot,Foolish,sad
Nitin Sawhney,Sunset,relaxed
Sidewalk Prophets,You Can Have Me,happy
Rebecca St. James,Song Of Love,happy
Aaron Shust,My Savior My God,happy
By The Tree,Beautiful One,happy
Josh Wilson,Before The Morning,angry
Aaron Shust,Give Me Words To Speak,relaxed
Jeremy Camp,Take You Back,angry
Jeremy Camp,Beautiful One,happy
Rich Mullins,Awesome God,happy
City On A Hill,God Of Wonders,relaxed
"Phillips, Craig & Dean",Friend Of God,happy
Third Day,I've Always Loved You,happy
Building 429,I Believe ,happy
DecembeRadio,Love Can,happy
Avalon,Testify To Love,relaxed
Sonicflood,I Could Sing Of Your Love Forever,happy
Nichole Nordeman,Time After Time ,sad
Marco Antonio Solis,Si No Te Hubieras Ido,sad
La Sonora Dinamita,Que Nadie Sepa Mi Sufrir,sad
Grupo Bryndis,Por Estar Pensando En Ti,sad
Juan Gabriel,Pero Que Necesidad,sad
Bronco,Oficialmente Loco,sad
Los Pasteles Verdes,El Solitario,sad
Ana Barbara,Bandido,sad
Joan Sebastian,Rumores ,sad
Jose Jose,Lo Dudo,sad
Los Mier,Te Amo,sad
Camilo Sesto,Tarde O Temprano,sad
Marco Antonio Solis,Amor En Silencio,sad
Vicente Fernandez,El Rey,sad
Los Humildes,Vestido Mojado,sad
Los Bukis,Que Mala,sad
Joan Sebastian,El Perdedor,sad
La Mafia,Me Estoy Enamorando,sad
Banda Machos,Al Gato Y Al Raton,sad
Joan Sebastian,Sentimental,sad
Palomo,Baraja De Oro,sad
The Bee Gees,Night Fever,sad
Deniece Williams,It's Gonna Take A Miracle,happy
Wings,Silly Love Songs,happy
Faith Hill,This Kiss,happy
Daryl Hall & John Oates,Kiss On My List,happy
Celine Dion,My Heart Will Go On,happy
Cher,Believe,happy
Backstreet Boys,I Want It That Way,angry
Lil Wayne,On Fire,angry
Kylie,All The Lovers,angry
Chromeo,Don't Turn The Lights On,sad
Rockell,In A Dream,happy
Infernal,From Paris To Berlin,happy
Ministry,Everyday Is Halloween,angry
Ferry Corsten,Fire,angry
Yves Larock,Rise Up,relaxed
Angel City,Love Me Right ,happy
MercyMe,Bless Me Indeed,relaxed
Aaron Shust,Watch Over Me,sad
Pocket Full Of Rocks,Song To The King,happy
The Museum,Never Look Away,angry
Brandon Heath,Love Never Fails,happy
Above The Golden State,I'll Love You So,happy
Jars Of Clay,They'll Know We Are Christians By Our Love,happy
Mark Schultz,Love Has Come,happy
Robbie Seay Band,Song Of Hope ,happy
Matt Brouwer,Sometimes,angry
Third Day,I Believe,happy
Fee,Glory To God Forever,happy
Sade,Somebody Already Broke My Heart,angry
Al Green,I'm Still In Love With You,happy
Phil Collins,Another Day In Paradise,relaxed
Jonathan Butler,So Strong,happy
The Cardigans,Lovefool,happy
Ryan Star,Start A Fire,angry
Dido,Hunter,relaxed
R.E.M.,Shiny Happy People,happy
Evanescence,My Immortal,angry
Michelle Branch,All You Wanted,sad
Tonic,You Wanted More,happy
Fontella Bass,Rescue Me,happy
The Beach Boys,Wouldn't It Be Nice,relaxed
Three Dog Night,An Old Fashioned Love Song,happy
The Beatles,Here Comes The Sun,relaxed
Billy Joel,Uptown Girl,relaxed
The Beatles,Love Me Do ,happy
The Beatles,In My Life,happy
The Beatles,All You Need Is Love,happy
Johnny Nash,I Can See Clearly Now,relaxed
Three Dog Night,Joy To The World,happy
Ringo Starr,It Don't Come Easy,relaxed
Shontelle,Perfect Nightmare,angry
Ke$ha,Your Love Is My Drug,happy
Shenandoah,I Want To Be Loved Like That,happy
George Strait,Baby Blue,relaxed
Porter Wagoner,"Green, Green Grass Of Home",relaxed
John Anderson,Wild And Blue,relaxed
Merle Haggard,Rainbow Stew,relaxed
Juice Newton,Angel Of The Morning,relaxed
Randy Travis,If I Didn't Have You,sad
Johnny Cash,Ring Of Fire,angry
Willie Nelson,Always On My Mind,relaxed
Dwight Yoakam,Honky Tonk Man,relaxed
Mark Chesnutt,Brother Jukebox,relaxed
Cavo,Blame,sad
Sammy Hagar,I Don't Need Love,happy
Alice Cooper,School's Out,sad
Kiss,Do You Love Me?,happy
Led Zeppelin,Nobody's Fault But Mine,sad
ZZ Top,Blue Jean Blues,relaxed
Thirty Seconds To Mars,This Is War,angry
311,Lovesong,happy
Marilyn Manson,Tainted Love,happy
Muse,Supermassive Black Hole,sad
Three Days Grace,Pain,angry
The Cult,Fire Woman,angry
Nirvana,Polly,sad
Stone Temple Pilots,Unglued,sad
Jimmy Eat World,Pain,angry
Blink-182,I Miss You,sad
Cake,Sick Of You,sad
Metric,Eclipse ,angry
Cake,War Pigs,angry
Marilyn Manson,The Fight Song,angry
Muse,Map Of The Problematique,sad
The Temptations,I Want A Love I Can See,happy
Alejandro Fernandez,Matalas,sad
Mary J. Blige,I Love You,happy
Liquits,Desde Que,sad
Pedro Infante,Luna De Octubre,sad
Bobby Vinton,Mr. Lonely,sad
Tommy James & The Shondells,Crystal Blue Persuasion,relaxed
Victor Manuelle,Nunca Habia Llorado Asi ,sad
Ian Van Dahl,Will I,happy
Kosheen,Hide U,angry
Ronnie Milsap,Stranger In My House,relaxed
Hank Williams,Your Cheatin' Heart,relaxed
Mark Chesnutt,Your Love Is A Miracle,happy
Dolly Parton,Real Love,happy
Patty Loveless,I'm That Kind Of Girl,relaxed
The Marshall Tucker Band,Heard It In A Love Song,happy
T. Graham Brown,I Tell It Like It Used To Be,happy
Marty Stuart,Burn Me Down,angry
George Strait,Let's Fall To Pieces Together,sad
Sammi Smith,Help Me Make It Through The Night,sad
Dolly Parton,Love Is Like A Butterfly,relaxed
Dolly Parton,I Will Always Love You,happy
Emmylou Harris,Queen Of The Silver Dollar,relaxed
Earl Thomas Conley,I Can't Win For Losin' You,happy
Charley Pride,Kiss An Angel Good Mornin',happy
The Judds,Love Can Build A Bridge,happy
Jack Ingram,Mustang Burn,angry
George Strait,TRUE,relaxed
Vince Gill,When I Call Your Name,sad
Alabama,Old Flame,angry
Dwight Yoakam,Please Please Baby,relaxed
Eddie Rabbitt,You And I,happy
Dwight Yoakam,Ain't That Lonely Yet,sad
Jonatha Brooke,Little Bird,relaxed
Quincy Jones,Killer Joe,sad
Roberta Flack & Donny Hathaway,Where Is The Love,happy
Jon B.,Someone To Love ,happy
Jack Ingram,Love You,happy
Taylor Dayne,I'll Always Love You,happy
Santana,Whole Lotta Love ,happy
Soundgarden,Let Me Drown,angry
Alice Cooper,Poison,angry
Dokken,Alone Again,sad
Iron Maiden,Phantom Of The Opera,sad
Scorpions,Animal Magnetism,happy
Black Sabbath,The Devil Cried,angry
The Who,Long Live Rock,sad
Led Zeppelin,Bring It On Home,relaxed
Scorpions,Coming Home,relaxed
Brian McKnight,Love Of My Life,happy
Lionel Richie,Penny Lover,happy
Lisa Stansfield,Change,happy
Celine Dion,Love Can Move Mountains,happy
Jah Cure,Love Is,happy
Jody Watley,Looking For A New Love,happy
Bobby Darin,Dream Lover,relaxed
The Archies,"Sugar, Sugar",relaxed
Gwen Mccrae,Rockin' Chair,relaxed
Whitney Houston,You Give Good Love,happy
Paul Anka,Puppy Love,happy
Harold Melvin & The Blue Notes,Don't Leave Me This Way,happy
Gyptian,Beautiful Lady,relaxed
Bob Marley & The Wailers,So Much Trouble In The World,angry
Donna Summer,Love To Love You Baby,happy
Donna Summer,I Feel Love,happy
New Edition,Lost In Love,happy
Duane Stephenson,Cottage In Negril,relaxed
Beyonce,Dangerously In Love,happy
Rihanna,Russian Roulette,angry
Michael Jackson,Gone Too Soon,relaxed
Shania Twain,From This Moment On,relaxed
Julio Iglesias,My Love,happy
"Phillips, Craig & Dean",You Are God Alone,happy
Matt Brouwer,"Father, I Adore You",happy
Counting Crows,Accidentally In Love,happy
Fistful Of Mercy,Father's Son,sad
Greg Laswell,Take Everything ,relaxed
A Flock Of Seagulls,Space Age Love Song,happy
Peter Gabriel,Shock The Monkey,sad
Los Tigres Del Norte,Jose Perez Leon,sad
The Beatles,P.S. I Love You,happy
Portugal. The Man,People Say,angry
Concrete Blonde,Joey,angry
Bruce Springsteen,I'm On Fire,angry
Sufjan Stevens,Vesuvius,angry
Fastball,Out Of My Head,sad
Dire Straits,So Far Away,relaxed
Train,Cab,sad
Blind Faith,Can't Find My Way Home,relaxed
Dave Matthews Band,Everyday,happy
Pete Droge & The Sinners,Beautiful Girl,relaxed
Roxy Music,Jealous Guy,angry
Shawn Colvin,Get Out Of This House,relaxed
U2,Window In The Skies,happy
Mark Schultz,Love Has Come,happy
Sidewalk Prophets,You Can Have Me,happy
Josh Wilson,Before The Morning,angry
Brandon Heath,Your Love,happy
Jeremy Camp,Take You Back,angry
Third Day,God Of Wonders,relaxed
The Georgia Mass Choir,Joy,happy
Stevie Wonder,Lookin' For Another Pure Love,happy
Jody Watley,Real Love,happy
Chet Baker,Let's Get Lost,angry
Nina Simone,Feeling Good,relaxed
Mel Torme,Comin' Home Baby,relaxed
Freddie Hubbard,Red Clay,happy
Cassandra Wilson,Time After Time,sad
Patrice Rushen,Remind Me,happy
Curtis Mayfield,Give Me Your Love ,happy
Chayanne,Tu Boca,sad
Jeremias,Hay Un Amor Afuera,sad
David Bisbal,Esclavo De Sus Besos,sad
Darlene Zschech,Call Upon His Name ,relaxed
Aaron Shust,To God Alone,happy
Laura Story,What A Savior,happy
Darrell Evans,Trading My Sorrows,angry
Newsong,My Heart's Already There,happy
Britt Nicole,The Lost Get Found,angry
Jadon Lavik,Hear Our Song,happy
The Afters,All That I Am,happy
Todd Agnew,Joy Unspeakable,happy
Norman Hutchins,Get Ready For Your Miracle,happy
Diana Krall,You're My Thrill,happy
Jonathan Butler,Color Green,relaxed
John Coltrane,Acknowledgement,happy
Seether,Driven Under,angry
Soundgarden,Rhinosaur,sad
Metallica,Fight Fire With Fire,angry
Deftones,You've Seen the Butcher,sad
Velvet Revolver,Fall To Pieces,sad
Puddle Of Mudd,Away From Me,angry
Staind,Home,angry
Pearl Jam,Glorified G,angry
Alex Bueno,Que Vuelva,sad
Los Iracundos,Y Te Has Quedado Sola,sad
Moenia,Ni Tu Ni Nadie,sad
David Guetta,On The Dancefloor ,angry
Los Cadetes De Linares,El Palomito,sad
La Oreja De Van Gogh,Vestido Azul,sad
Paulina Rubio,Algo De Ti,sad
Fred Hammond & Radical For Christ,I Will Bless His Holy Name,relaxed
Whitney Houston,Joy ,happy
Israel & New Breed,Friend Of God,happy
Micah Stampley,War Cry,angry
Gary Wright,Love Is Alive,happy
Scissor Sisters,Fire With Fire,angry
The Drifters,Some Kind Of Wonderful,relaxed
J. Moss,Abundantly,relaxed
Phil Perry,Love Don't Love Nobody,happy
Cherrelle,Everything I Miss At Home,relaxed
The Ohio Players,Love Rollercoaster,happy
The Staple Singers,Respect Yourself,relaxed
Clyde McPhatter,Lover Please,sad
The Jackson 5,Maybe Tomorrow,relaxed
The Blackbyrds,Walking In Rhythm,relaxed
Shalamar,Take That To The Bank,happy
Maze,Love Is The Key ,relaxed
Gerald Levert,Baby Hold On To Me,relaxed
Maxwell,Fortunate,relaxed
Eddie Kendricks,Intimate Friends,happy
Teena Marie,Young Love,happy
Ledisi,In The Morning,happy
Miki Howard,Come Share My Love,happy
Smokey Robinson,I Can't Give You Anything But Love,happy
George Benson,Don't Let Me Be Lonely Tonight,sad
Natalie Cole,Our Love,happy
Jimmy Sommers,If I Knew ,angry
Kindred The Family Soul,House Of Love,relaxed
Anita Baker,Angel,relaxed
Usher,Burn,angry
Waka Flocka Flame,Bustin' At 'Em,sad
Wavves,Mickey Mouse,sad
Suuns,Organ Blues,happy
The Apples In Stereo,Dream About The Future,relaxed
Bob Marley & The Wailers,Small Axe,sad
Waking The Cadaver,Boss Status,angry
Jah Cure,Troddin The Valley,angry
Bonnie 'Prince' Billy,Love Comes To Me,happy
Clap Your Hands Say Yeah,In This Home On Ice,sad
No Age,Fever Dreaming,sad
Grizzly Bear,Knife,angry
Out Hud,It's For You,sad
Hot Snakes,Braintrust,relaxed
Gravenhurst,The Velvet Cell,angry
Jemina Pearl,I Hate People ,angry
Asobi Seksu,Thursday,sad
Someone Still Loves You Boris Yeltsin,In Pairs,happy
Living Sacrifice,The Training,angry
Elliott Smith,Let's Get Lost,angry
Spank Rock,What It Look Like,sad
Stacey Kent,What A Wonderful World,relaxed
Frank Sinatra,My Kind Of Girl,relaxed
Ted Weems,Heartaches,happy
Rosemary Clooney,Come On-A My House,relaxed
Tommy Dorsey & His Orchestra,I'll Never Smile Again ,happy
Billie Holiday,Nice Work If You Can Get It,relaxed
Nat King Cole,Too Young,happy
Frank Sinatra,Nice 'N' Easy,relaxed
Nat King Cole,The Very Thought Of You ,relaxed
Escape The Fate,Issues,sad
Garbage,Stupid Girl,sad
Alkaline Trio,This Addiction,sad
Radiohead,Just,sad
Deftones,Minerva,relaxed
Sublime,Jailhouse,angry
Against Me!,I Was A Teenage Anarchist,angry
Sade,Love Is Stronger Than Pride,happy
Bruce Hornsby,Walk In The Sun,relaxed
Brian McKnight,Crazy Love,happy
Lionel Richie,You Are,happy
Harry Nilsson,Jump Into The Fire,happy
The Derek Trucks Band,Rastaman Chant,relaxed
Monchy & Alexandra,Dos Locos,sad
Chayanne,Un Siglo Sin Ti,sad
Domenic Marte,Eres Asi,sad
Juanes,Me Enamora,sad
Aleks Syntek,Duele El Amor ,sad
Amy Grant,Lucky One,happy
Natalie Cole,Inseparable,relaxed
Michael Jackson,One More Chance,happy
Robert John,Sad Eyes,sad
Elton John,Blue Eyes,relaxed
Bread,Make It With You,relaxed
Wilson Phillips,You're In Love,happy
Three Dog Night,Black & White,relaxed
Carly Simon,Haven't Got Time For The Pain,angry
Kenny Loggins,Meet Me Half Way,relaxed
Lionel Richie,Truly,happy
Stevie Wonder,Sweetest Somebody I Know,happy
Michael Jackson,Got To Be There,relaxed
The Emotions,Don't Ask My Neighbors,angry
The Majors,A Wonderful Dream,relaxed
The Everly Brothers,All I Have To Do Is Dream,relaxed
War,The World Is A Ghetto,relaxed
The O'Jays,For The Love Of Money,happy
The Rolling Stones,I Just Want To Make Love To You,happy
The Beatles,Birthday,happy
The Beatles,The End,happy
.38 Special,Fantasy Girl,relaxed
The Beatles,Happiness Is A Warm Gun,angry
The Jimi Hendrix Experience,Stone Free,relaxed
Alice Cooper,Be My Lover,relaxed
Sanctus Real,The Face Of Love,happy
BarlowGirl,I Need You To Love Me,happy
John Prine,Glory Of True Love,happy
Luciano,For The Leaders,angry
Gregory Isaacs,Slavemaster,angry
Chimaira,Pure Hatred,angry
Sevendust,Bitch,angry
Theory Of A Deadman,Hate My Life,angry
Evans Blue,Cold ,sad
Patricia Barber,Easy To Love,relaxed
Alabama,Down Home,relaxed
Jo Dee Messina,Bring On The Rain,sad
Thousand Foot Krutch,Fire It Up,angry
God Forbid,War Of Attrition,angry
Nirvana,Come As You Are,angry
Chiodos,Caves,angry
Nirvana,Polly ,sad
Lit,Miserable,angry
Olga Tanon,Asi Es La Vida,sad
Britney Spears,Toxic,angry
Natasha Bedingfield,These Words,happy
Akon,Don't Matter,angry
Sean Kingston,Fire Burning On The Dance Floor,angry
Robert Plant,You Can't Buy My Love,happy
Rosanne Cash,Motherless Children,happy
The Black Keys,Next Girl,relaxed
The Beatles,Octopus's Garden,relaxed
Moby,Study War,angry
Neil Young,Sign Of Love,happy
John Lennon & The Plastic Ono Band,Power To The People,happy
Iron Fire,Still Alive,angry
The Sword,Freya,sad
Inoj,Time After Time,sad
Reba,Strange,relaxed
Tanya Tucker,Some Kind Of Trouble,angry
Tanya Tucker,Down To My Last Teardrop,relaxed
Shadows Fall,Still I Rise,angry
Backstreet Boys,Quit Playing Games ,happy
Peter Cetera,Glory Of Love,happy
Blessid Union Of Souls,I Believe,happy
The Gap Band,You Dropped A Bomb On Me,angry
Debbie Gibson,Shake Your Love,happy
Incubus,Love Hurts,happy
The Psychedelic Furs,Heaven,relaxed
Dinosaur Jr.,Feel The Pain,angry
Echo & The Bunnymen,People Are Strange,sad
Iggy Pop,Lust For Life,happy
Crocodiles,Sleep Forever,relaxed
Nirvana,Sliver,relaxed
Ashanti,The Way That I Love You,happy
Maze,Southern Girl ,relaxed
Carole King,Will You Love Me Tomorrow?,happy
Mint Condition,You Don't Have To Hurt No More,angry
Robin Thicke,The Sweetest Love,happy
Eliane Elias,Movin' Me On,relaxed
Interpol,Barricade,sad
Rob Zombie,Mars Needs Women,angry
Rascal Flatts,I Won't Let Go,angry
The Beatles,Golden Slumbers,relaxed
Spirit,Fresh Garbage,sad
Vanilla Fudge,You Keep Me Hangin' On,happy
The Sylvers,Boogie Fever,sad
George Harrison,What Is Life,happy
Nicolette Larson,Lotta Love,happy
Lindsey Buckingham,Trouble,angry
U2,Angel Of Harlem,relaxed
Grand Funk Railroad,Bad Time,happy
Haddaway,What Is Love,angry
The S.O.S. Band,Take Your Time ,relaxed
Peter Frampton,I'm In You,happy
Operation Ivy,Unity,angry
Papa Roach,Burn,angry
Apocalyptica,Bring Them To Light ,angry
Kopek,Love Is Dead,angry
Peaches & Herb,Close Your Eyes,happy
The Temptations,You're My Everything,relaxed
GQ,I Do Love You,happy
Chalino Sanchez,El Crimen De Culiacan,sad
Shedaisy,Come Home Soon,relaxed
Garth Brooks,Standing Outside The Fire,angry
Lee Ann Womack,I May Hate Myself In The Morning,angry
Nat King Cole,L-O-V-E,happy
Jose Feliciano,Light My Fire,angry
DeBarge,All This Love,happy
Norah Jones,My Blue Heaven,relaxed
Elmore James,The Sky Is Crying,relaxed
Elvis Costello,One Bell Ringing,sad
Nicki Minaj,Save Me,relaxed
Brandon Heath,Your Love,happy
Michael W. Smith,Awesome God,happy
Jeremy Riddle,Bless His Name,relaxed
"Phillips, Craig & Dean",Because I'm Forgiven,happy
Sarah Sadler,Beautiful,happy
Juan Gabriel,Abrazame Muy Fuerte,sad
Chalino Sanchez,Baraja De Oro,sad
Sam Cooke,Trouble Blues,angry
Salvador,You Are There,happy
Billy Ocean,Love Is Forever,happy
Seal,I'm Still In Love With You,happy
Intocable,Contra Viento Y Marea,sad
Sonny James,Young Love,happy
Dolly Parton,Yellow Roses,relaxed
Innerpartysystem,American Trash,sad
Edward Sharpe & The Magnetic Zeros,Home,relaxed
Tenacious D,The Metal,sad
The Heartbeats,A Thousand Miles Away,relaxed
Surface,Happy,happy
The Gap Band,Yearning For Your Love,happy
War,Outlaw,angry
Dinora Y La Juventud,A Puro Dolor,sad
Lhasa,De Cara A La Pared,sad
Duncan Dhu,En Algun Lugar,sad
Miguel Aceves Mejia,Rogaciano,sad
Audioslave,Original Fire,angry
Chickenfoot,Sexy Little Thing,happy
Veruca Salt,Seether,angry
Corinne Bailey Rae,Is This Love,happy
Jack White,Wayfaring Stranger,relaxed
Cross Canadian Ragweed,Fightin' For,angry
Janie Frickie,It Ain't Easy Bein' Easy,relaxed
The Statler Brothers,Bed Of Roses,relaxed
Dolly Parton,But You Know I Love You,happy
Marilyn Manson,The Nobodies,sad
Ozzy Osbourne,Killer Of Giants,angry
L.A. Guns,Never Enough,relaxed
Iron Maiden,Iron Maiden,sad
Honeymoon Suite,New Girl Now,relaxed
Stevie Ray Vaughan & Double Trouble,Willie The Wimp ,sad
Faith Evans,Love Like This,happy
Elvis Presley,Jailhouse Rock,sad
Al Martino,I Love You Because,happy
George McCrae,Rock Your Baby,relaxed
Bruce Springsteen,Save My Love,relaxed
Dolores O'Riordan,The Journey,relaxed
She & Him,I Should Have Known Better,happy
Ian Dury & The Blockheads,Hit Me With Your Rhythm Stick,angry
The Red Hot Chili Peppers,Behind The Sun,relaxed
J.D. Souther,You're Only Lonely,sad
Freelance Whales,Starring,angry
The Cure,Fascination Street,sad
Jack Johnson,Wasting Time,sad
The Beatles,Thank You Girl ,relaxed
Electronic,Getting Away With It,happy
Chris Tomlin,Our God,happy
Robbie Seay Band,Song of Hope,happy
Hezekiah Walker & The Love Fellowship Crusade Choir,Grateful ,relaxed
Martha Munizzi,Invincible God,happy
Vickie Winans,The Rainbow,relaxed
The Shirelles,Will You Love Me Tomorrow,happy
Dianne Reeves,Afro Blue,relaxed
Black Label Society,Bored To Tears,sad
George Michael,I Want Your Sex,happy
Slayer,War Ensemble,angry
Metallica,Crash Course In Brain Surgery,angry
Monchy & Alexandra,Hasta El Fin,sad
Patrulla 81,Como Me Haces Falta,sad
Aliados De La Sierra,Te Amo,sad
Los Rieleros Del Norte,Un Juego,sad
Conjunto Primavera,El Amor Que Nunca Fue,sad
Luther Vandross,Anyone Who Had A Heart,happy
New Edition,Candy Girl,relaxed
Tower Of Power,Give Me Your Love,happy
Joan Osborne,War,angry
Jimmy Smith,Strut ,relaxed
"Harry Connick, Jr.",My Blue Heaven,relaxed
The Brian Setzer Orchestra,The Dirty Boogie,sad
Joni Mitchell,Sometimes I'm Happy,happy
Jimmy Smith,I Just Wanna Make Love To You ,happy
The Naked And Famous,All Of This,sad
The Jesus & Mary Chain,Just Like Honey,relaxed
Destructor,Skull Splitter,sad
Noah And The Whale,Give A Little Love,happy
Grizzly Bear,Lullabye,relaxed
Best Coast,Honey,relaxed
Warpaint,Composure,sad
Sly & The Family Stone,Family Affair,relaxed
Gliss,Morning Light,happy
Kaiser Chiefs,I Predict A Riot,angry
Buzzcocks,Ever Fallen In Love?,happy
Jay Reatard,DOA,happy
OFF!,Upside Down,sad
The Jesus & Mary Chain,The Hardest Walk,sad
Fang Island,The Illinois,relaxed
The Decemberists,This Is Why We Fight,angry
No Age,Life Prowler,happy
Someone Still Loves You Boris Yeltsin,Everlyn,sad
Billie Holiday,There Is No Greater Love,happy
Louis Armstrong,Stormy Weather,sad
Chevelle,Vitamin R ,angry
Deftones,Bored,sad
Muse,Knights Of Cydonia,angry
Bebel Gilberto,Aganju,sad
Peter Gabriel,Digging In The Dirt,sad
KMFDM,WWIII,angry
Michael Bolton,Said I Loved You...But I Lied,happy
England Dan & John Ford Coley,It's Sad To Belong,sad
Queen Latifah,What Love Has Joined Together,happy
Roberta Flack,Set The Night To Music ,relaxed
Otis Redding,Respect,relaxed
"Emerson, Lake & Palmer",From The Beginning,sad
Roisin Murphy,Let Me Know,sad
Elton John,Sad Songs ,sad
Sarah Vaughan,You're Not The Kind,relaxed
Alan Jackson,A Woman's Love,happy
Dean Martin,Innamorata,happy
Fine Young Cannibals,Ever Fallen In Love,happy
LeAnn Rimes,God Bless America,relaxed
Diana Krall,Little Girl Blue,relaxed
Billie Holiday,Did I Remember?,angry
Billie Holiday,The Very Thought Of You,relaxed
"Hamilton, Joe Frank & Reynolds",Fallin' In Love,happy
Mary J. Blige,Real Love ,happy
Trivium,Shattering The Skies Above,angry
Jarabe De Palo,El Lado Oscuro,sad
Ricardo Arjona,Pinguinos En La Cama,sad
The Oak Ridge Boys,Fancy Free,relaxed
Bobby Bare,500 Miles Away From Home,relaxed
Willie Nelson,Let It Be Me,happy
Willie Nelson,Blue Skies,relaxed
Ronnie Milsap,"Happy, Happy Birthday Baby",happy
Dolly Parton,Think About Love,happy
Marty Robbins,Big Iron,sad
Faron Young,Hello Walls,sad
Billy Swan,I Can Help,relaxed
Frank Sinatra,Nice Work If You Can Get It,relaxed
The Red Hot Chili Peppers,Fortune Faded,sad
Taddy Porter,Shake Me,sad
Rob Zombie,Sick Bubble-Gum,sad
Egypt Central,You Make Me Sick,sad
Juelz Santana,There It Go ,relaxed
Skindred,Pressure,angry
The Wannadies,Skin,happy
Vanessa Williams,My Flame,happy
Paula Abdul,The Way That You Love Me,happy
My Morning Jacket,Circuital,sad
The Beatles,Yer Blues,sad
George Harrison,Isn't It A Pity,sad
Arthur Brown,Fire,angry
J Boog,Let's Do It Again ,relaxed
Kapena,Masese,sad
Pat Benatar,Fire And Ice,angry
The Four Tops,When She Was My Girl,relaxed
The Honey Drippers,Sea Of Love,happy
Emmylou Harris,Home Sweet Home,relaxed
Toots & The Maytals,Pressure Drop,angry
James Blake,Lindisfarne I,sad
Dan Deacon,Wet Wings,sad
Jane Monheit,Save Your Love For Me,happy
Foster The People,Warrant,angry
Jens Lekman,I'm Leaving You Because I Don't Love You,happy
Bill Callahan,Sycamore,angry
Wye Oak,Civilian,relaxed
The Doors,The Spy,angry
Slayer,Cult,angry
Dirge Within,Self Medicate,angry
Atreyu,Ex's And Oh's,sad
Donnie McClurkin,When You Love ,happy
Anita Baker,You Bring Me Joy,happy
Anita Baker,Good Love,happy
Adele,Love Song,happy
Adelitas Way,Sick,sad
Sick Puppies,War,angry
Red,Feed The Machine,sad
Metallica,Metal Militia,sad
Cold,Wicked World,angry
Anthrax,Among The Living,angry
Blackguard,Firefight,angry
Katy Perry,E.T. ,angry
The Stylistics,You're A Big Girl Now,relaxed
Kid Rock,Collide ,angry
Millie Small,My Boy Lollipop,happy
The Rolling Stones,We Love You,happy
Bob Marley & The Wailers,War,angry
Gene Pitney,Only Love Can Break A Heart,happy
John Hiatt,What Kind Of Man,relaxed
Joan Armatrading,This Charming Life,happy
The Isley Brothers,Fight The Power Part 1,angry
War,Me And Baby Brother,relaxed
Eskmo,Color Dropping,relaxed
Chris Tomlin,Our God,happy
Celine Dion,God Bless America,relaxed
Lincoln Brewster,All I Really Want,happy
Jose Jose,O Tu O Yo,sad
Joe Cocker,You Are So Beautiful,happy
Cassandra Wilson,Blue Skies,relaxed
Roy Milton,Thrill Me,happy
Billie Holiday,Nice Work If You Can Get It,relaxed
Delirious?,Stronger,happy
Ready For The World,Love You Down,happy
New Edition,I'm Still In Love With You,happy
Frederick Knight,I've Been Lonely For So Long,sad
Wilson Pickett,Don't Let The Green Grass Fool You,relaxed
Jill Scott,So In Love ,happy
Johnny Gill,In The Mood,relaxed
One Way,Cutie Pie,relaxed
Elvis Presley,Heartbreak Hotel,sad
The Platters,I Love You 1000 Times,happy
Bo Diddley,Bo Diddley,relaxed
Brenton Wood,Gimme Little Sign,relaxed
Barry Manilow,Can't Smile Without You,sad
Shenandoah,Rock My Baby,relaxed
Hank Snow,Hello Love,happy
Zebra,One More Chance,happy
Sammy Hagar,Baby's On Fire,angry
Tony Carey,I Won't Be Home Tonight,relaxed
Whitesnake,Love Ain't No Stranger,happy
Muse,Stockholm Syndrome,angry
Jose Alfredo Jimenez,El Rey,sad
Los Alegres De Teran,Hermosisimo Lucero,sad
Nice & Wild,Diamond Girl,relaxed
The Cult,Sun King,relaxed
Sammy Kershaw,Love Of My Life,happy
Craig Morgan,God Must Really Love Me,happy
Alan Jackson,Ring Of Fire,angry
David Kersh,Goodnight Sweetheart,relaxed
Robert Earl Keen,Something I Do,relaxed
Willie Nelson,Uncloudy Day,relaxed
Ryan Adams,To Be Young ,sad
Reckless Kelly,Some People's Kids,angry
Praise Band,Awesome God,happy
Phish,Free,relaxed
Christine McVie,Got A Hold On Me,happy
Chic,I Want Your Love,happy
Don Henley,Sunset Grill,relaxed
Underoath,A Boy Brushed Red Living In Black And White,angry
Vreid,Disciplined,angry
Belphegor,Blood Magick Necromance,angry
Murder By Death,Comin' Home,relaxed
My Darkest Days,Move Your Body,angry
Akon,Lonely,sad
Conjunto Primavera,Fue Un Placer Amarte,sad
Terri Clark,I Just Wanna  Be Mad,angry
Built To Spill,Goin' Against Your Mind,relaxed
Bo Diddley,Bring It To Jerome,relaxed
Jane Monheit,I'm Glad There Is You,happy
Ann Hampton Callaway,What Is This Thing Called Love?,happy
B.B. King,Don't Answer The Door,relaxed
James Hunter,No Smoke Without Fire,angry
Melody Gardot,Over The Rainbow,relaxed
Stevie Wonder,For Your Love,happy
Simon & Garfunkel,Homeward Bound,relaxed
Wadsworth Mansion,Sweet Mary,relaxed
Bayside,"Sick, Sick, Sick",sad
"Does It Offend You, Yeah?",The Monkeys Are Coming,angry
Rosie & The Originals,Angel Baby,happy
Maze,Happy Feelin's ,happy
Zoe,Love,happy
Young Galaxy,The Angels Are Surely Weeping,sad
PJ Harvey,This Mess We're In,relaxed
Kylesa,Dust,sad
Silversun Pickups,Waste It On,sad
Oh Land,White Nights,relaxed
The Beatles,And I Love Her,happy
Serge Gainsbourg,Requiem Pour Un C...,sad
Bebel Gilberto,Aganju,sad
The Dramatics,Get Up And Get Down,sad
Tinsley Ellis,Speak No Evil,angry
Kurt Elling,Matte Kudasai,sad
Merle Haggard,Going Where The Lonely Go,sad
Johnny Cash,Rusty Cage,sad
Green Day,Sassafrass Roots,sad
Judas Priest,Painkiller,angry
Mr. Big,Addicted To That Rush,sad
The Rolling Stones,Hang Fire,angry
Jack Johnson,From The Clouds,relaxed
Robbie Robertson,He Don't Live Here No More,sad
Stereophonics,Maybe Tomorrow,relaxed
The Police,So Lonely,sad
Rockpile,Teacher Teacher,relaxed
Air,Cherry Blossom Girl,relaxed
Los Lobos,Come On Let's Go,happy
Damien Rice,The Blowers Daughter,relaxed
Byron Cage,It Is To You,relaxed
Will Downing,Lover's Melody ,relaxed
Mary J. Blige,I Can See In Color,relaxed
Hezekiah Walker & The Love Fellowship Crusade Choir,Power Belongs To God,happy
Donald Byrd,Think Twice,happy
The Meters,Fire On The Bayou,angry
Inner City,Good Life,happy
La Ley,Aqui,sad
Ednita Nazario,Sobrevivo,sad
Fats Domino,All By Myself,happy
Al Green,You've Got The Love I Need ,happy
Patrice Rushen,Settle For My Love,happy
K-Paz De La Sierra,Volvere,sad
Ricardo Montaner,Tan Enamorados,sad
RBD,Nuestro Amor,sad
Belinda,Bella Traicion,sad
Braids,Lemonade,sad
The Stooges,No Fun,happy
Sonic Youth,Reena,relaxed
Fatboy Slim,Everybody Needs A 303,happy
Metric,On The Sly,angry
Warpaint,Set Your Arms Down,angry
White Fence,Harness,relaxed
Bloc Party,Like Eating Glass,sad
Smith Westerns,Fallen In Love,relaxed
Tokyo Police Club,Big Difference,sad
Love Is All,Make Out Fall Out Make Up,sad
Tony Bennett,Because Of You,happy
Billie Holiday,Summertime,relaxed
The Red Hot Chili Peppers,Blood Sugar Sex Magik,happy
Warrant,Sometimes She Cries,sad
Enya,Amarantine,happy
Andy Andy,Que Ironia,sad
Victor Manuelle,Asi Es La Mujer,sad
Motley Crue,Louder Than Hell,angry
New Order,Shellshock,angry
The Beatles,I Should Have Known Better,happy
Roger Daltrey,Without Your Love,happy
David Lee Roth,Just Like Paradise,relaxed
Ohio Express,Yummy Yummy Yummy,happy
Small Faces,Itchycoo Park,happy
The Supremes,Baby Love,happy
"Blood, Sweat & Tears",You've Made Me So Very Happy,happy
Olivia Newton-John,I Honestly Love You,happy
The Ronettes,"Baby, I Love You",happy
Van Morrison,Crazy Love,happy
The Rascals,People Got To Be Free,relaxed
Eddie Holman,Hey There Lonely Girl,sad
The Cowsills,"The Rain, The Park And Other Things",relaxed
The Bee Gees,Tragedy,angry
The Beatles,Love Me Do,happy
Wayne Fontana & The Mindbenders,The Game Of Love,happy
Otis Redding,That's How Strong My Love Is,happy
The Whispers,It's A Love Thing,happy
Laura Izibor,From My Heart To Yours,happy
Rufus & Chaka Khan,Do You Love What You Feel,happy
Loose Ends,Slow Down,sad
Ann Nesby,Put It On Paper ,sad
Anthony Hamilton,The Point Of It All,happy
Donny Hathaway,I Love You More Than You'll Ever Know,happy
Jerzee Monet,Most High,relaxed
Boney James,Don't Let Me Be Lonely Tonight ,sad
Karyn White,Love Saw It ,happy
Teena Marie,Portuguese Love,happy
Lisa Fischer,How Can I Ease The Pain,angry
Dave Hollister,Take Care Of Home,relaxed
Gotan Project,Amor Porteno ,sad
The Infamous Stringdusters,Starry Night,relaxed
Skeletonwitch,Upon Wings Of Black,angry
Hatebreed,Destroy Everything,angry
Lamb Of God,Black Label,angry
Metallica,St. Anger,angry
Whitney Houston,All The Man That I Need,happy
Patti LaBelle,Kiss Away The Pain,angry
Johnny Hartman,The Very Thought Of You,relaxed
The Radio Dept.,Heaven's On Fire,angry
Baths,Maximalist,happy
Lucinda Williams,Born To Be Loved,happy
Daft Punk,Make Love,happy
New Order,Age Of Consent,angry
Roy Orbison,Candy Man,relaxed
El Guincho,Lycra Mistral,sad
The Hundred In The Hands,Dead Ending,sad
Yeah Yeah Yeahs,Maps,happy
Ed Bruce,The Last Cowboy Song,sad
Crystal Gayle,A Long And Lasting Love,happy
Pat Benatar,We Live For Love,happy
Boz Scaggs,Breakdown Dead Ahead,angry
The Raveonettes,War In Heaven,angry
Stateless,Assassinations,sad
Me'Shell Ndegeocello,Love You Down,happy
Gorillaz,Broken,angry
Vivian Girls,I Heard You Say,sad
Franz Ferdinand,Do You Want To,happy
UNKLE,Hold My Hand,sad
36 Crazyfists,The All Night Lights,sad
The Devil Wears Prada,Dez Moines,sad
Alabama,Sad Lookin' Moon,sad
Rufus & Chaka Khan,Everlasting Love,happy
Mr. Capone-E,Light My Fire ,angry
Raheem DeVaughn,I Don't Care,angry
Herb Alpert & The Tijuana Brass,A Taste Of Honey,relaxed
Gretchen Parlato,Blue In Green,relaxed
Gucci Mane,I Don't Love Her ,happy
Keri Hilson,Make Love,happy
Chris Brown,Beautiful People ,happy
Jeremy Camp,You Never Let Go,angry
Rocio Durcal,No Sirvo Para Estar Sin Ti,sad
Albert Hammond,Echame A Mi La Culpa,sad
Banda El Recodo,Tiro Arriba,sad
Roberta Gambarini,From This Moment On,relaxed
Back Door Slam,Come Home,relaxed
Immature,Never Lie,angry
The Everly Brothers,When Will I Be Loved,happy
Enanitos Verdes,Mejor No Hablemos De Amor,sad
The Herbaliser,Gadget Funk,angry
The Drums,I Need Fun In My Life,happy
Michael Franti & Spearhead,Light Up Ya Lighter,angry
Mission Of Burma,That's How I Escaped My Certain Fate,sad
Frank Sinatra,My Kind Of Town,relaxed
Loreena McKennitt,Down By The Sally Gardens,relaxed
Sin Fang,Always Everything,sad
Fischerspooner,Happy,sad
Craig Morgan,I Got You,relaxed
Willie Nelson & Leon Russell,Heartbreak Hotel,sad
Son Volt,Drown,angry
Faith No More,War Pigs,angry
Whitney Houston,Miracle,happy
Drive-By Truckers,Everybody Needs Love,happy
Sarah McLachlan,Into The Fire,angry
Florence & The Machine,You've Got The Love,happy
Culture Club,It's A Miracle,happy
Elbow,With Love,happy
Graham Parker,White Honey,relaxed
Beck,Lost Cause,angry
Dianne Reeves,Love For Sale,happy
Melba Moore,Time To Come Home ,relaxed
Incognito,Your Sun My Sky ,relaxed
Gloria Trevi,Me Rio De Ti,sad
Soraya,Llevame,sad
Bury Your Dead,Twelfth Stroke Of Midnight,sad
Roy Orbison,Only The Lonely ,sad
Roy Orbison,Running Scared,angry
Banda Maguey,Que Sacrificio,sad
Alejandro Fernandez,Si He Sabido Amor,sad
Martha Munizzi,Mighty God,happy
Fred Hammond,Keep On Praisin',relaxed
Kirk Franklin,Afterwhile ,angry
Phil Perry,The World Is A Ghetto,relaxed
Expatriate,Gotta Get Home,relaxed
Boney James,I Get Lonely,sad
Billy Corgan,A100,happy
Patty Griffin,Rowing Song,sad
Gyptian,So Much In Love,happy
Tito Nieves,Mi Eterno Amor Secreto,sad
Grupo Niche,Gotas De Lluvia,sad
Billie Holiday,Prelude To A Kiss,happy
Barbara Lewis,Make Me Your Baby,happy
Brook Benton,Lie To Me,angry
Roomful Of Blues,That's A Pretty Good Love,happy
The Beatles,I Want You ,angry
Paul McCartney & Wings,Helen Wheels,sad
The Doors,Waiting For The Sun,relaxed
Elvis Presley,Heartbreak Hotel,sad
Herman's Hermits,Listen People,happy
Peter & Gordon,True Love Ways,happy
Donovan,Wear Your Love Like Heaven,happy
The Hollies,The Air That I Breathe,relaxed
Gene Vincent & His Blue Caps,Be-Bop-A-Lula,relaxed
Ruby & The Romantics,Our Day Will Come,happy
Maze,We Are One ,happy
Con Funk Shun,Ffun,happy
Angela Winbush,Angel,relaxed
Charlie Wilson,Without You,relaxed
Jazmine Sullivan,Fear,angry
Big Head Blues Club,Kind Hearted Woman,happy
James Brown,I'll Go Crazy,happy
Lucinda Williams,Joy,happy
Willie Nelson,Night Life ,happy
Max Romeo & The Upsetters,War Ina Babylon,angry
Freddie Hubbard,Red Clay,happy
Static-X,Bled For Days,angry
Hatebreed,Ghosts Of War,angry
Howlin' Wolf,Shake For Me,relaxed
"Earth, Wind & Fire",Evil,angry
Della Reese,Don't You Know,happy
James Taylor,Don't Let Me Be Lonely Tonight,sad
Rob Zombie,Demon Speeding,angry
Motorhead,The Game,angry
Marc Anthony,Viviendo,sad
Jo Dee Messina,Because You Love Me,happy
Bad Religion,The Biggest Killer In American History,angry
The Clash,Tommy Gun,angry
Dio,Stand Up And Shout,angry
Kirk Franklin & The Family,Now Behold The Lamb,relaxed
Tye Tribbett & G.A.,Still Have Joy,happy
Sarah Vaughan,Fever,sad
Pendulum,Out Here,sad
Bettye LaVette,It Don't Come Easy,relaxed
Desperation Band,The Difference,happy
Chelley,Took The Night,angry
Jose Feliciano,Feliz Navidad,happy
Johnny O.,Fantasy Girl,relaxed
Sonora Santanera,Donde Estas Yolanda,sad
Andy Palacio & The Garifuna Collective,Baba ,sad
Harlem,Spray Paint,relaxed
Fleet Foxes,Sun It Rises,relaxed
Nellie McKay,The Very Thought Of You,relaxed
The Album Leaf,Falling From The Sun,sad
Nellie McKay,Mother Of Pearl,angry
Steel Pulse,Blazing Fire ,angry
Michael Franti & Spearhead,All I Want Is You,happy
Broken Bells,Sailing To Nowhere,sad
G. Love & Special Sauce,"Peace, Love & Happiness",relaxed
Ed Bruce,You're The Best Break This Old Heart Ever Had,happy
La Mafia,Quiero Amanecer Contigo,sad
Conjunto Primavera,No Se Vivir Sin Ti,sad
Palomo,Nos Falto,sad
Dokken,Into The Fire,angry
Kreator,Warcurse,angry
Delirious?,I Could Sing Of Your Love Forever,happy
Culture Club,The War Song,angry
Skillet,The Last Night,sad
Third Day,Silent Night,relaxed
Elvis Presley,Blue Christmas,relaxed
The Carpenters,"Merry Christmas, Darling",happy
Kenny Loggins,Celebrate Me Home,relaxed
Casting Crowns,I Heard The Bells On Christmas Day,relaxed
Third Day,Joy To The World,happy
Vince Vance & The Valiants,All I Want For Christmas Is You,relaxed
Kelley Stoltz,Fire Escape,angry
George Harrison,I Dig Love,happy
Kirk Franklin & The Family,Silent Night,relaxed
Boyz II Men,Silent Night,relaxed
Israel Houghton,I Receive,happy
Sharon Jones & The Dap-Kings,Be Easy,relaxed
Israel Houghton,Others,happy
Incognito,Feel The Pressure,angry
Alejandro Sanz,Cuando Nadie Me Ve,sad
Elvis Costello,I Lost You,angry
The Replacements,Skyway,sad
Vampire Weekend,Mansard Roof,sad
Grant-Lee Phillips,It Ain't The Same Old Cold War Harry,angry
The Who,I'm Free,relaxed
The Flaming Lips,Yoshimi Battles The Pink Robots,angry
U2,I Fall Down,sad
Jason Collett,I'll Bring The Sun,relaxed
Bruce Springsteen,Fire,angry
Andrew Bird,Plasticities,angry
Lori McKenna,Pour,relaxed
Alaska Y Dinarama,Ni Tu Ni Nadie,sad
Marvin Gaye,You Sure Love To Ball,happy
The Chi-Lites,Toby,sad
Luther Vandross,At Christmas Time,happy
Frank Sinatra,It Gets Lonely Early,sad
John Pizzarelli,Mountain Greenery,relaxed
The Brooklyn Tabernacle Choir,Happy Birthday Jesus,happy
Rebecca St. James,Happy Xmas ,happy
Matt Brouwer,Have Yourself A Merry Little Christmas,happy
Jars Of Clay,Love Came Down at Christmas,happy
MercyMe,Joseph's Lullaby,relaxed
Third Day,Merry Christmas,happy
Frank Reyes,Por Ti Voy A Morir,sad
Rod Stewart,What A Wonderful World ,relaxed
Judas Priest,Metal Gods,sad
Alejandro Escovedo,Silver Cloud,happy
The Beatles,Two Of Us,relaxed
Mnemic,Within,angry
Godsmack,Running Blind ,sad
Teddy Pendergrass,Joy,happy
Eva Cassidy,Time After Time,sad
Courtney John,Lucky Man,happy
Maysa,A Woman In Love,happy
Michael Buble,Dream,relaxed
Alejandra Guzman,Hasta El Final,sad
The Prodigy,Shoot Down,angry
Joy Division,Heart And Soul,angry
Wire,Reuters,angry
Junior Boys,Teach Me How To Fight,angry
John Mayer,Slow Dancing In A Burning Room,sad
Black Prairie,Red Rocking Chair,relaxed
Tom Petty,It's Good To Be King,relaxed
New Order,Your Silent Face,sad
The Clash,I'm So Bored With The U.S.A.,sad
Greg Laswell,Off I Go,sad
Justice,Civilization,angry
Sia,I Go To Sleep,relaxed
The Big Pink,Love In Vain,happy
Interpol,Safe Without,relaxed
Morcheeba,Sao Paulo,angry
Jeff Buckley,Grace,angry
Cold War Kids,Hospital Beds,angry
Air,Sexy Boy,happy
Maps,It Will Find You,happy
Air,Napalm Love,happy
Eric Clapton,Bad Love,happy
Elton John,Sorry Seems To Be The Hardest Word,sad
The Meters,Chicken Strut,sad
Wanda Jackson,Nervous Breakdown,angry
M.I.A.,Fire Fire,angry
Andreya Triana,X,sad
Peggy Sue,Matilda,sad
Z.Z. Hill,Down Home Blues,relaxed
Ryan Adams & The Cardinals,Fix It,happy
The Robert Cray Band,Smoking Gun,angry
Huey,When I Hustle ,relaxed
Parlours,I Dream Of Chicago,relaxed
Three Dog Night,The Family Of Man,relaxed
Vince Gill,Take Your Memory With You,sad
Faith Hill,Take Me As I Am,relaxed
Strike Anywhere,The Promise,sad
Elefante,El Abandonao,sad
Kenny Rogers,Love Lifted Me,happy
L.A. Guns,Kiss My Love Goodbye,happy
James Ingram,I Don't Have The Heart,happy
Nelly,Party People ,happy
The Dirty Dozen Brass Band,Ruler Of My Heart ,angry
The Pretenders,Kid,sad
The Drifters,Save The Last Dance For Me,relaxed
Ray LaMontagne,Three More Days,relaxed
Marvin Gaye,Come Live With Me Angel,relaxed
Donnie McClurkin,Great And Mighty Is Our God,happy
Maysa,Out Of The Blue,happy
Lykke Li,Youth Knows No Pain,angry
Darker My Love,Waves,sad
Death By Stereo,Welcome To The Party,angry
Marsha Ambrosius,Lose Myself,happy
Dave Alvin,Black Sky,relaxed
Mission Of Burma,Donna Sumeria,happy
The Blues Brothers,Sweet Home Chicago,relaxed
Ratatat,Seventeen Years,sad
Six Feet Under,Seed Of Filth,sad
Telekinesis,I Got You,relaxed
Ceo,White Magic,relaxed
Obits,Back And Forth,sad
Surfer Blood,Take It Easy,relaxed
Elliott Smith,Needle In The Hay,sad
The Smiths,Ask,angry
Discovery,So Insane,angry
Mustafa Sandal,Kalmadi,sad
Ratt,You're In Love,happy
Charlie Gracie,Butterfly,relaxed
Jose Jose,Tu Me Estas Volviendo Loco,sad
Juan Luis Guerra,El Costo De La Vida,sad
Ricky Martin,Con Tu Nombre,sad
Marvin Gaye,Pride And Joy ,happy
Queen Latifah,Simply Beautiful ,happy
The Blind Boys Of Alabama,Down By The Riverside ,angry
Gloria Lynne,I'm Glad There Is You,happy
The Tymes,So Much In Love,happy
Elvis Presley,Love Me Tender,happy
Roy Orbison,Dream Baby ,relaxed
The Allman Brothers Band,Revival,happy
The Blackbyrds,Happy Music,happy
Ray Charles,Crazy Love ,happy
The Whispers,My Heart Your Heart,happy
Blackstreet,Joy,happy
U2,The Three Sunrises,happy
Morrissey,"The More You Ignore Me, The Closer I Get",angry
Fenix TX,All My Fault,sad
Take 6,You Don't Have To Be Afraid,angry
NLT,That Girl,relaxed
J. Valentine,She Worth The Trouble,angry
John Brown,Imma Love You Right,happy
Los Super Reyes,El Rey ,sad
Death Cab For Cutie,Someday You Will Be Loved,happy
Daryle Singletary,Amen Kind Of Love,relaxed
Lonestar,Tell Her,happy
Lemon Jelly,Space Walk,happy
Gregory Porter,Lonely One,sad
Sinead O'Connor,War,angry
Charles Bradley,I Believe In Your Love,happy
The Grateful Dead,Fire On The Mountain,angry
Dixie Chicks,There's Your Trouble,angry
Loretta Lynn,Trouble On The Line,angry
The Midnighters,Sexy Ways ,happy
The Diamonds,The Stroll,relaxed
Little Richard,Long Tall Sally,happy
Mike Reno & Ann Wilson,Almost Paradise,relaxed
Gregg Allman,I Believe I'll Go Back Home,relaxed
Stevie Wonder,Creepin',relaxed
Duffy,Rockferry,relaxed
Justin Bieber,One Less Lonely Girl,sad
Silversun Pickups,Growing Old Is Getting Old,angry
Carney,Love Me Chase Me,relaxed
Bobby Helms,My Special Angel,relaxed
Clay Walker,I Can't Sleep,relaxed
Mutemath,The Nerve,angry
The Mars Volta,Asilos Magdalena,sad
Solid Gold,Who You  Gonna Run To?,angry
Karyn White,The Way You Love Me,happy
Nina Simone,House Of The Rising Sun,relaxed
The Breeders,New Year,relaxed
Miss Kittin & The Hacker,Indulgence,happy
The Concretes,You Can't Hurry Love,happy
Dr. Dog,Ain't It Strange,relaxed
Balkan Beat Box,War Again,angry
Death Cab For Cutie,We Laugh Indoors,happy
The Kills,U.R.A. Fever,sad
Mickey Gilley,Lonely Nights,sad
Toots & The Maytals,True Love Is Hard To Find ,happy
Crowded House,Fall At Your Feet,sad
Ten Years After,I'm Going Home,relaxed
Donavon Frankenreiter,"Life, Love & Laughter",happy
Mary Mary,Ordinary People,happy
Nat King Cole,Brazilian Love Song ,relaxed
Nnenna Freelon,If I Only Had A Brain ,angry
Nnenna Freelon,If I Only Had A Brain ,angry
Bebel Gilberto,Aganju,sad
Priestess,Lady Killer,angry
Morphine,Honey White,relaxed
Aventura,La Nina,sad
Sonic Youth,Incinerate,sad
Ladytron,Seventeen,happy
Bob Marley & The Wailers,No More Trouble,angry
Black Uhuru,I Love King Selassie,happy
Home Video,The Smoke,angry
Steel Train,I Feel Weird,angry
Louis Armstrong,Nobody Knows The Trouble I've Seen,angry
Diana Krall,My Love Is,happy
Linda Ronstadt,Little Girl Blue ,relaxed
Bobby Womack,If You Think You're Lonely Now,sad
Jermaine Jackson,Daddy's Home,relaxed
K.C. & The Sunshine Band,Do You Wanna Go Party,happy
Beyonce,I'd Rather Go Blind,relaxed
Phil Perry,If Only You Knew,happy
Buffalo Springfield,I Am A Child,relaxed
Pink Floyd,Pigs On The Wing 1,sad
The Association,Never My Love,happy
Ray Charles,Lonely Avenue,sad
Jakob Dylan,Gimme Some Truth ,relaxed
Willie Nelson,Night Life,happy
Gorillaz,Some Kind Of Nature ,relaxed
The Pains Of Being Pure At Heart,Everything With You,sad
We Were Promised Jetpacks,Ships With Holes Will Sink,sad
The Duke Spirit,The Step And The Walk,happy
Sharon Jones & The Dap-Kings,Mama Don't Like My Man,relaxed
Wolf Parade,This Heart's On Fire,angry
Ike & Tina Turner,I've Been Loving You Too Long,happy
Air,Love,happy
Kurt Elling,Say It ,happy
Norah Jones,Shoot The Moon,sad
Lou Rawls,You've Made Me So Very Happy,happy
Mary J. Blige,A Dream,relaxed
Nyasia,Who's Got Your Love,happy
Destruction,Hate Is My Fuel,angry
Dan Deacon,Okie Dokie,angry
Innerpartysystem,American Trash,sad
Thompson Square,Let's Fight,angry
Bay City Rollers,Money Honey,relaxed
Frankie Ruiz,Lo Dudo,sad
Magneto,La Puerta Del Colegio,sad
Santana,I Don't Wanna Lose Your Love ,relaxed
Kiss,C'mon And Love Me,happy
The Rolling Stones,Sway,angry
Machine Head,Ten Ton Hammer,angry
System Of A Down,War?,angry
Bullet For My Valentine,Scream Aim Fire,angry
Kansas,Fight Fire With Fire,angry
The Beatles,Real Love,happy
The Roots,The Fire ,angry
The Used,Burning Down The House,angry
Los Bukis,Contra Viento Y Marea,sad
Anna Calvi,No More Words,happy
Anna Calvi,Desire,angry
Ricardo Arjona,La Mujer Que No Sone,sad
Gang Of Four,Natural's Not In It,happy
Stevie Wonder,Ordinary Pain,angry
Jackie Wilson,To Be Loved,happy
Death,Painkiller,angry
Bayside,Already Gone,sad
S. Carey,In The Dirt,sad
Maps & Atlases,Living Decorations,sad
Metallica,Free Speech For The Dumb,relaxed
Tesla,Paradise,relaxed
Aretha Franklin,See Saw,happy
The Beatles,Your Mother Should Know,happy
Alice Cooper,You Drive Me Nervous,angry
Jill Scott,Hate On Me,angry
Hooverphonic,2wicky,angry
Kraak & Smaak,Keep Me Home ,relaxed
The Cure,All Cats Are Grey,sad
Crystal Castles,Vietnam,happy
The Lemonheads,Dirty Robot,sad
Pavement,Unfair,sad
Basement Jaxx,Good Luck ,relaxed
Machine Head,Clenching The Fists Of Dissent,angry
Patti LaBelle,Over The Rainbow,relaxed
Avenged Sevenfold,God Hates Us,angry
Fear Factory,Fear Campaign,angry
Dropkick Murphys,Peg O' My Heart,happy
Stevie Wonder,Happy Birthday,happy
Kem,Love Never Fails,happy
Ray Charles,Sorry Seems To Be The Hardest Word ,sad
Aaron Hall,All The Places ,happy
Starfucker,Astoria,happy
Anna Calvi,The Devil,angry
Johnny Preston,Running Bear,relaxed
The Five Keys,The Glory Of Love,happy
Metric,Monster Hospital,angry
The Used,Blue And Yellow,sad
Lucinda Williams,Kiss Like Your Kiss,happy
Waka Flocka Flame,Bang ,sad
Randy Newman,It's Money That I Love,happy
Korn,Blind,sad
Mastodon,Colony Of Birchmen,sad
Anita Baker,Lead Me Into Love,happy
Jaill,The Stroller,angry
Cut Copy,Hearts On Fire,angry
Fleetwood Mac,Showbiz Blues,relaxed
Massive Attack,Angel,happy
The Cardigans,Carnival,happy
Women,Locust Valley,sad
The Flamingos,I'll Be Home,relaxed
John Mayer,Perfectly Lonely,sad
Paul McCartney,Another Day,sad
Band Of Horses,Is There A Ghost,relaxed
Robbie Robertson,Sweet Fire Of Love,angry
Procol Harum,Conquistador,sad
Exodus,Bonded By Blood,sad
Lionel Richie,Deep River Woman,relaxed
Iron Maiden,Be Quick Or Be Dead,angry
Deadmau5,Outta My Life,sad
Eliza Gilkyson,Looking For A Place,sad
Calexico,Victor Jara's Hands,sad
Warren Haynes,On A Real Lonely Night,sad
Otis Redding,Let Me Come On Home,relaxed
Sade,Love Is Found,happy
Z-Trip,Walking Dead ,angry
Cristian,Amor,sad
Aterciopelados,Rompecabezas,sad
Eric Clapton,Let It Grow,relaxed
Avenged Sevenfold,Nightmare,angry
Scorpions,Rock You Like A Hurricane,angry
Papa Roach,Burn,angry
Doors,Love Her Madly,happy
Cult,Fire Woman,angry
Machine Head,Aesthetics Of Hate,angry
Dir En Grey,C,angry
Red Hot Chili Peppers,Scar Tissue,sad
Doors,Light My Fire,angry
Smashing Pumpkins,Bullet With Butterfly Wings,angry
Mudvayne,Scream With Me,angry
Chevelle,Send The Pain Below,angry
Motley Crue,Home Sweet Home,relaxed
Rolling Stones,Gimme Shelter,angry
Kiss,King Of The Night Time World,relaxed
Grupo Bryndis,Asi Es El Amor,sad
Los Angeles Negros,A Ti,sad
R. Kelly,Touched A Dream,relaxed
Women,Narrow With The Hall,sad
Burial,Ghost Hardware,happy
My Bloody Valentine,Soon,angry
The Pains Of Being Pure At Heart,Even In Dreams,angry
Elf Power,Let The Serpent Sleep,relaxed
Andrew Bird,Simple X,angry
The Beatles,For You Blue,relaxed
Bobby Vinton,My Melody Of Love,happy
Arc Angels,Shape I'm In,happy
Bob Dylan,"Corrina, Corrina",relaxed
Steel Panther,Death To All But Metal,sad
Sheryl Crow,Killer Life,angry
Big Head Todd & The Monsters,Please Don't Tell Her,happy
Aaron Lewis,Massachusetts,relaxed
Fleetwood Mac,Songbird,happy
Boston,Party,happy
The Beatles,Maxwell's Silver Hammer,sad
The Who,Gettin' In Tune,relaxed
Rene & Angela,I Love You More,happy
Chaka Khan,Got To Be There,relaxed
Shalamar,Somewhere There's A Love,happy
Tiesto,Who Wants To Be Alone ,relaxed
George Duke,Listen Baby,relaxed
Musiq,Girl Next Door ,relaxed
The Cure,The Perfect Girl,relaxed
Martha & The Muffins,Echo Beach,relaxed
Devo,Girl U Want,relaxed
Ben Harper & The Innocent Criminals,Fight Outta You,angry
Ginuwine,Trouble ,angry
Tool,Part Of Me,sad
Zapp & Roger,Slow And Easy,relaxed
Patti LaBelle,When You Talk About Love,happy
Mila J,No More Complaining,sad
Musiq,Settle For My Love ,happy
Brook Benton,Thank You Pretty Baby,happy
Pink Floyd,Set The Controls For The Heart Of The Sun,happy
Austrian Death Machine,It's Not A Tumor ,angry
Walls Of Jericho,A Trigger Full Of Promises,angry
Firehouse,Love Of A Lifetime,happy
Jo Dee Messina,Burn,angry
Chimaira,Power Trip,angry
Radiohead,Go To Sleep,sad
Can,Moonshake,relaxed
Nouvelle Vague,Ever Fallen In Love?,happy
Matt & Kim,Don't Slow Down,sad
New Found Glory,It's Not Your Fault,sad
LCD Soundsystem,Disco Infiltrator,sad
Kisses,People Can Do The Most Amazing Things,angry
Hot Chip,We Have Love,happy
Starfucker,The White Of Noon,angry
Wilson Pickett,I'm In Love,happy
The Black Dahlia Murder,What A Horrible Night To Have A Curse,sad
New York Dolls,Trash,sad
Howlin' Wolf,Built For Comfort,relaxed
Alela Diane,To Begin,sad
Menomena,Lunchmeat,sad
Malachai,Rainbows ,relaxed
Frightened Rabbit,Fast Blood,angry
Reba McEntire,I'm Not That Lonely Yet,sad
Michael Bolton,To Love Somebody,happy
Lupe Fiasco,Intruder Alert ,angry
The Everly Brothers,Let It Be Me,happy
Tiziano Ferro,Tardes Negras,sad
Kyle Riabko,What Did I Get Myself Into,relaxed
Donnie McClurkin,I Love To Praise Him,happy
The Foreign Exchange,If This Is Love ,happy
Israel Houghton,Our God,happy
Kid Rock,Feel Like Makin' Love,happy
Connie Smith,Just For What I Am,happy
Of Montreal,Doing Nothing,sad
Gold Motel,The Cruel One,sad
Rotten Sound,Scared,angry
Wolf Parade,I'll Believe In Anything,angry
The Rapture,House Of Jealous Lovers,relaxed
Best Coast,Happy,happy
OFF!,Poison City,angry
Cradle Of Filth,Nymphetamine,sad
Mount Moriah,Lament,angry
Low,Just Stand Back,sad
Bright Eyes,Devil Town,angry
Daft Punk,Something About Us,happy
LCD Soundsystem,Too Much Love,happy
Fenech-Soler,Contender,angry
Luis Fonsi,Abrazar La Vida,sad
Faith Hill,Joy To The World,happy
Faith Hill,Where Are You Christmas?,happy
John Lennon,Love,happy
D'Angelo,Cruisin',happy
John Lennon,Happy Xmas ,happy
Eric Lindell,Lullaby For Mercy Ann,happy
Anti-Flag,Turncoat,angry
Dottie Peoples,Happy In Jesus,happy
CeCe Winans,Away In A Manger,relaxed
Brian McKnight,Because Of His Love,happy
Israel & New Breed,Have Yourself A Merry Little Christmas,happy
Daryl Hall & John Oates,Home For Christmas,relaxed
"Harry Connick, Jr.",Blue Christmas,relaxed
Kenny G,Joy To The World,happy
Peter White,Silent Night,relaxed
Vanessa Williams,Joy To The World ,happy
Frank Sinatra,Have Yourself A Merry Little Christmas,happy
Mariah Carey,Joy To The World,happy
Mariah Carey,Silent Night,relaxed
Rascal Flatts,I'll Be Home For Christmas,relaxed
Kenny Rogers & Dolly Parton,With Bells On,relaxed
Alan Jackson,Let It Be Christmas,happy
Kenny Chesney,Pretty Paper,relaxed
Jo Dee Messina,Silent Night,relaxed
The Carpenters,Have Yourself A Merry Little Christmas,happy
Casting Crowns,Silent Night,relaxed
Jim Brickman,Sending You A Little Christmas,relaxed
Lanae' Hale,Carol Of The Bells,happy
James Taylor,Have Yourself A Merry Little Christmas,happy
Bing Crosby,I Wish You A Merry Christmas,happy
Andy Williams,Silent Night,relaxed
Josh Groban,Silent Night,relaxed
"Peter, Paul & Mary",We Wish You A Merry Christmas ,happy
Coldplay,Have Yourself A Merry Little Christmas,happy
Amy Grant,Silent Night,relaxed
Vince Gill,Let There Be Peace On Earth,relaxed
Stevie Wonder,One Little Christmas Tree,relaxed
Six Feet Under,Shadow Of The Reaper,sad
David Crowder Band,Feliz Navidad,happy
Sanctus Real,Silent Night,relaxed
Out Of Eden,O Little Town Of Bethlehem,relaxed
Sara Groves,Child Of Love,happy
Stacie Orrico,Love Came Down,happy
Michael McDonald,I'll Be Home For Christmas,relaxed
The Jackson 5,Give Love On Christmas Day,happy
The Jackson 5,Have Yourself A Merry Little Christmas,happy
Frank Sinatra,Silent Night,relaxed
Bing Crosby,Happy Holidays ,happy
Sammy Kershaw,Christmas Time's A Comin',happy
Lonestar,All My Love For Christmas,happy
Obituary,Slowly We Rot,angry
Black Eyed Peas,Power To The People,happy
Regina Spektor,Real Love,happy
Jane Monheit,Have Yourself A Merry Little Christmas,happy
Los Lonely Boys,Feliz Navidad,happy
Underworld,Beautiful Burnout,relaxed
Crystal Castles,Alice Practice,sad
The Chemical Brothers,Another World,happy
Randy Travis,White Christmas Makes Me Blue,relaxed
Lady Antebellum,Blue Christmas,relaxed
Rose,Sombre Con,sad
Talking Heads,Blind,sad
Queen,Thank God It's Christmas,happy
Beck,Nobody's Fault But My Own,sad
King Crimson,Matte Kudasai,sad
Chris Tomlin,Joy To The World ,happy
Dave Barnes,Family Tree,relaxed
MERCY ME,Joseph's Lullaby,relaxed
Brooklyn Tabernacle Choir,Happy Birthday Jesus,happy
Matt Maher,Empty & Beautiful,angry
The Temptations,Give Love On Christmas Day,happy
Ledisi,Silent Night,relaxed
Ledisi,Have Yourself A Merry Little Christmas,happy
The O'Jays,Christmas Ain't Christmas ,happy
Ledisi,What A Wonderful World,relaxed
The Damned Things,Handbook For The Recently Deceased,angry
Jaci Velasquez,Feliz Navidad,happy
Luis Miguel,Ayer,sad
Yolanda Adams,Give Love On Christmas Day,happy
Slaughter,Mad About You,angry
The Ramones,Merry Christmas ,happy
B.B. King,Merry Christmas Baby,happy
"Harry Connick, Jr.",This Christmas,happy
Gloria Estefan,This Christmas,happy
Diana Krall,Have Yourself A Merry Little Christmas,happy
Curtis Lee,Pretty Little Angel Eyes,happy
Mountain,Theme From An Imaginary Western,sad
Bing Crosby,Silent Night,relaxed
Th' Legendary Shack Shakers,Swampblood,sad
Aretha Franklin,I'm In Love,happy
Karrin Allyson,Everything Must Change,relaxed
JJ Grey & Mofro,On Fire,angry
Elvis Costello,One Bell Ringing,sad
Mudcrutch,Crystal River,relaxed
Louis Armstrong,What A Wonderful World,relaxed
The Rolling Stones,Going Home,relaxed
Elvis Presley,Blue Christmas ,relaxed
Brooks & Dunn,Blue Christmas,relaxed
Randy Travis,Pretty Paper,relaxed
Slayer,Warzone,angry
Meat Loaf,Hot Patootie-Bless My Soul,relaxed
The Prodigy,Girls,happy
Susan Boyle,Silent Night,relaxed
Vince Gill,Blue Christmas,relaxed
Ricky Van Shelton,Blue Christmas,relaxed
Clay Walker,Blue Christmas,relaxed
Mick Hucknall,Ain't That Lovin' You,happy
Luther Vandross,Got You Home,relaxed
Marques Houston,Favorite Girl,relaxed
Boney James,Love Song ,happy
Blonde Redhead,Love Or Prison,happy
Goldfrapp,Little Bird,relaxed
Smashing Pumpkins,Soma,angry
Moby,Nearer,relaxed
Cheap Trick,Auf Wiedersehen,angry
Blonde Redhead,Here Sometimes,relaxed
Zero 7,Ghost Symbol,relaxed
Nirvana,Frances Farmer Will Have Her Revenge On Seattle,sad
Nouvelle Vague,Making Plans For Nigel,happy
The Cure,Prayers For Rain,sad
Band Of Horses,The Funeral,sad
Barcelona,Colors,angry
Joan Sebastian,Oyeme Chatita,sad
Vicente Fernandez,Si Te Vas No Hay Lio,sad
The Mamas & The Papas,Words Of Love,happy
Armored Saint,Reign Of Fire,angry
Billie Holiday,Am I Blue?,sad
Solomon Burke,None Of Us Are Free,relaxed
The Little Willies,Night Life,happy
Madeleine Peyroux,Careless Love,happy
Ella Fitzgerald,Solitude ,sad
Heart,How Can I Refuse,angry
Cat Stevens,Sad Lisa,sad
Rush,Cold Fire,angry
The Mighty Mighty Bosstones,So Sad To Say,sad
Wire,Feeling Called Love,happy
Lykke Li,My Love,happy
The Beatles,Her Majesty,relaxed
Jose Feliciano,La Copa Rota,sad
The Beach Boys,Surfer Girl,relaxed
Billie Holiday,I Hear Music,relaxed
Aretha Franklin,Baby I Love You,happy
Kool & The Gang,Victory,happy
Willie Nelson & Wynton Marsalis,Night Life,happy
J Dilla,Two Can Win,happy
George Harrison,You,happy
Kem,When I'm Loving You,relaxed
Natalie Merchant,"Crying, My Little One",relaxed
All-4-One,So Much In Love,happy
Lacy J. Dalton,Takin' It Easy,relaxed
Beach House,Gila,sad
Jenny And Johnny,While Men Are Dreaming,relaxed
Royksopp,It's What I Want,relaxed
OK Go,All Is Not Lost,angry
Rogue Wave,Endless Shovel,sad
Daft Punk,Steam Machine,sad
Clap Your Hands Say Yeah,Is This Love?,happy
The Clash,Hate And War,angry
Bauhaus,The Passion Of Lovers,angry
Huey Lewis And The News,Respect Yourself,relaxed
Ted Leo & The Pharmacists,Army Bound,sad
Cat Power,He War,angry
Jack Jones,Love Boat Theme,happy
The Kinks,Set Me Free,relaxed
Antony & The Johnsons,Shake That Devil,relaxed
Foxy Shazam,Unstoppable,sad
The Pixies,La La Love You,happy
The Breeders,Do You Love Me Now?,happy
Mark Ronson,Just ,sad
Chris Knight,A Pretty Good Guy,happy
Daft Punk,Revolution 909,relaxed
Broadcast,Tender Buttons,sad
Ted Leo & The Pharmacists,The Ballad Of The Sin Father,angry
Axwell,Nothing But Love ,happy
Twisted Sister,Burn In Hell,angry
Exodus,The Toxic Waltz,angry
The Red Hot Chili Peppers,Fire,angry
Dum Dum Girls,I Will Be,relaxed
Bowerbirds,House Of Diamonds,relaxed
Bullet For My Valentine,Alone,sad
TKA,Louder Than Love,happy
Tom Jones,Without Love ,happy
Frankie Ruiz,La Rueda,sad
Musiq,Girl Next Door ,relaxed
Devo,Race Of Doom,angry
The Red Hot Chili Peppers,Fight Like A Brave,angry
Living Colour,Glamour Boys,relaxed
Norah Jones,The Long Way Home,relaxed
The J. Geils Band,Looking For A Love,happy
Blood Brothers,Set Fire To The Face On Fire,angry
Times Of Grace,Fight For Life,angry
Pantera,Floods,angry
Chet Baker,Let's Get Lost,angry
Sarah Vaughan,Little Girl Blue,relaxed
Coco Montoya,Love Gotcha,happy
Sepultura,Territory,angry
Feist,The Limit To Your Love,happy
Kem,Into You,relaxed
Axe Bahia,Beso En La Boca,sad
The Vaselines,Molly's Lips,happy
Dinah Washington,Blue Skies,relaxed
Jill Scott,Bedda At Home,relaxed
Mitty Collier,Sharing You,happy
Evile,Armoured Assault,angry
The Brian Jonestown Massacre,Sailor,sad
Caribou,Sun,relaxed
Dean Martin,Send Me The Pillow You Dream On,relaxed
Abysmal Dawn,The Descent,sad
The Five Keys,Close Your Eyes,happy
Ella Fitzgerald,Rocks In My Bed,relaxed
The Cure,The End of The World,happy
The Ramones,Surfin' Bird,relaxed
Bloc Party,Banquet,angry
The Kooks,If Only,angry
The White Tie Affair,Candle ,sad
Keane,This Is The Last Time,sad
Smashing Pumpkins,I Am One,angry
Bif Naked,Lucky,happy
Visions Of Atlantis,Twist Of Fate,angry
Wilco,War On War,angry
Jenny Lewis,Pretty Bird,relaxed
Visions Of Atlantis,Conquest Of Others,angry
Steel Train,Firecracker,sad
Cavalera Conspiracy,Blunt Force Trauma,angry
Mastodon,Iron Tusk,angry
Luis Enrique,San Juan Sin Ti,sad
Alejandra Guzman,Hacer El Amor Con Otro,sad
Neil Diamond,Kentucky Woman,relaxed
Tinariwen,Matadjem Yinmixan,angry
Charles Bradley,Heart Of Gold ,happy
Joan Armatrading,Love And Affection,happy
Blood Brothers,Love Rhymes With Hideous Car Wreck,happy
Miike Snow,Burial,angry
Alice Russell,Hurry On Now,sad
Dixie Chicks,I Can Love You Better,happy
Darryl Worley,Family Tree,relaxed
Chris Ledoux,Hooked On An 8 Second Ride,angry
The Brian Jonestown Massacre,Wisdom,happy
Brooks & Dunn,We'll Burn That Bridge,angry
The Ting Tings,That's Not My Name,sad
John Gold,Baby It's Your Life,happy
Richie Havens,Here Comes The Sun,relaxed
Sophie Milman,I'm On Fire,angry
Metallica,Seek &#x26; Destroy,angry
Radiohead,Nude,sad
Crocodiles,All My Hate And My Hexes Are For You,angry
Austra,Spellwork,angry
The Suburbs,Love Is The Law,happy
The Kinks,Everybody's Gonna Be Happy,happy
VHS Or Beta,Love In My Pocket,happy
The Flaming Lips,Sagittarius Silver Announcement,relaxed
Lee Andrews & The Hearts,Long Lonely Nights,sad
Kraftwerk,Neon Lights,sad
The Grateful Dead,Till The Morning Comes,relaxed
Caribou,Sun,relaxed
Timi Yuro,Hurt,angry
Eric Benet,Hurricane,angry
David Rock Feinstein,Metal Will Never Die ,sad
Byron Cage,Glory To Your Name,happy
Martha & The Vandellas,I'm Ready For Love,happy
No Age,Things I Did When I Was Dead,angry
The Raveonettes,Evil Seeds,angry
Atreyu,Lonely,sad
Finger Eleven,Stay In Shadow,sad
Lacuna Coil,I Won't Tell You,angry
Serj Tankian,Sky Is Over,relaxed
Buckcherry,Broken Glass,sad
Joss Stone,Bruised But Not Broken,angry
Janet Jackson,Because Of Love,happy
Framing Hanley,You Stupid Girl,sad
Los Primos De Durango,Se Me Antoja Tu Piel,sad
Alexander O'Neal,Innocent,relaxed
Raheem DeVaughn,Nobody Wins A War ,angry
Prince,Sexy Dancer,happy
Ledisi,Love Never Changes,happy
Unwritten Law,Save Me,sad
Gwar,A Gathering Of Ghouls,angry
BarlowGirl,Stay With Me,angry
British Sea Power,Oh Larsen B,sad
Neil Young,Angry World,angry
Sneaker Pimps,Bloodsport,happy
Yeah Yeah Yeahs,Dull Life,angry
Chalino Sanchez,Corazoncito Tirano,sad
J Dilla,U-Love,happy
Wavves,Super Soaker,sad
Film School,Sunny Day,happy
Belle & Sebastian,The Ghost Of Rockschool,relaxed
M. Ward,Blake's View,sad
Hannah Montana,Gonna Get This ,relaxed
Joyce Sims,All And All,relaxed
Skillet,Live Free Or Let Me Die,angry
The Smithereens,Too Much Passion,happy
Bobby Womack,Lookin' For A Love,happy
Vanessa Williams,Lazy Afternoon,sad
"Harry Connick, Jr.",Just Kiss Me,happy
Jonathan Nelson,How Great Is Our God ,happy
Buddy Guy,I Smell Trouble,angry
The Prodigy,One Love,happy
The Vaselines,You Think You're A Man,relaxed
Mishka,Above The Bones,relaxed
Azure Ray,The Drinks We Drank Last Night,sad
The Flaming Lips,The Sparrow Looks Up At The Machine,sad
Tommy Dorsey & His Orchestra,I'll Never Smile Again,happy
Louis Armstrong,We Have All The Time In The World,happy
Alkaline Trio,Time To Waste,sad
Marc Anthony,Hasta Que Vuelvas Conmigo ,sad
The Carpenters,Ticket To Ride,sad
Jazmine Sullivan,After The Hurricane,angry
Beres Hammond,Try If You Want,angry
Alaine,Heavenly,happy
John Pizzarelli,Happy Talk,relaxed
Ray Charles,Somewhere Over The Rainbow ,relaxed
U2,Pride ,happy
Guns N' Roses,Paradise City ,relaxed
Skeeter Davis,I Can't Stay Mad At You,angry
Cascada,Miracle,happy
Teddy Pendergrass,"Easy, Easy, Got To Take It Easy",relaxed
Armin Van Buuren,In And Out Of Love,happy
Glen Campbell,Dream Baby ,relaxed
Disturbed,Believe,angry
Los Traileros Del Norte,Anoche Estuve Llorando,sad
Queen Latifah,Weekend Love,happy
The Beatles,I'm Happy Just To Dance With You,happy
Midlake,Head Home,relaxed
Joan Sebastian,Amor Limosnero,sad
The Kills,Getting Down,angry
Slayer,Necrophobic,sad
Tame Impala,The Bold Arrow Of Time,sad
Buke And Gass,Naked Cities,sad
We Are Scientists,Pittsburgh,relaxed
Orange Juice,Falling And Laughing,angry
Two Door Cinema Club,Undercover Martyn,sad
Catie Curtis,My Shirt Looks Good On You,happy
Raul Malo,You're Only Lonely,sad
In This Moment,Beautiful Tragedy,angry
Broken Social Scene,Fire Eye'd Boy,angry
Dave Matthews & Tim Reynolds,Crash Into Me,angry
Andy Williams,Butterfly,relaxed
Luis Miguel,Cruz De Olvido,sad
The Smiths,Meat Is Murder,sad
Ellie Goulding,Your Biggest Mistake,sad
Hey Champ,Cold Dust Girl,sad
La Sera,Been Here Before,happy
Eisley,Sad,sad
Railroad Earth,Hard Livin',sad
Ben Kweller,Fight,angry
Cat Power,Sea Of Love,happy
Warbringer,Total War,angry
Fruit Bats,Legs Of Bees,sad
Sons And Daughters,Johnny Cash,relaxed
The Fixx,Deeper And Deeper ,sad
Devo,Beautiful World,happy
Starfucker,Millions,angry
Pink Floyd,Chapter 24,relaxed
Panda Bear,Search For Delicious,angry
Black Rebel Motorcycle Club,Ain't No Easy Way,relaxed
Neil Young,Only Love Can Break Your Heart,happy
ABC,Poison Arrow,angry
TLC,Sleigh Ride,happy
Alejandro Escovedo,Anchor,happy
Peggy Lee,Happy Holiday,happy
Bloodsimple,Falling Backwards,angry
Toby Beau,My Angel Baby,relaxed
Jon Secada,Feliz Navidad,happy
Jeffrey Osborne,Don't You Get So Mad,angry
James Brown,Christmas In Heaven,happy
Ann & Nancy Wilson,Blue Christmas,relaxed
Julianne Hough,Feliz Navidad,happy
ZZ Top,Arrested For Driving While Blind,sad
Fear Factory,Self Bias Resistor,angry
James Brown,Soulful Christmas,happy
Lady Gaga,The Fame,happy
Inna,Amazing,angry
Kaskade,Fire In Your New Shoes ,angry
Michael McDonald,One Gift,happy
Jeff Lorber,Reflections,relaxed
Whitney Houston,Have Yourself A Merry Little Christmas,happy
Kenny Rogers & Dolly Parton,Christmas Without You,happy
Jose Luis Perales,El Amor,sad
Def Leppard,Comin' Under Fire,angry
Alicia Keys,That's How Strong My Love Is,happy
Bruce Channel,Hey! Baby,relaxed
Sara Bareilles & Ingrid Michaelson,Winter Song,happy
Ledisi,Give Love On Christmas Day,happy
Echoing Angels,God Bless Us,relaxed
Al Jarreau,White Christmas,relaxed
The Temptations,Christmas Everyday,happy
The Supremes,My Christmas Tree,relaxed
Bronco,Cinco Locos,sad
Dethklok,Burn The Earth,angry
Peter White,Silent Night ,relaxed
Wayne Brady,Can't Buy Me Love,happy
Luther Vandross,A Kiss For Christmas,happy
Boyz II Men,What You Won't Do For Love,happy
Luther Vandross,With A Christmas Heart,happy
Wilson Phillips,Silent Night,relaxed
LeAnn Rimes,All I Want For Christmas,relaxed
"Harry Connick, Jr.",The Happy Elf,happy
Jackie Evancho,Silent Night,relaxed
David Crowder Band,Our Love Is Loud,happy
Point Of Grace,Joy To The World,happy
Trans-Siberian Orchestra,This Christmas Day,relaxed
Trans-Siberian Orchestra,Christmas Jam,happy
Celine Dion,Don't Save It All For Christmas Day,happy
John Denver & The Muppets,We Wish You A Merry Christmas,happy
Vince Gill,Do You Hear What I Hear,relaxed
"Harry Connick, Jr.",Silent Night,relaxed
Rachelle Ferrell,You Send Me,happy
Ella Fitzgerald,Take Love Easy ,relaxed
Don Henley,Taking You Home,relaxed
Gloriana,Silent Night,relaxed
Dean Martin,Silent Night,relaxed
Jerry Lee Lewis,"Another Place, Another Time",sad
Elvis Presley,For The Heart,happy
Johnny Cash,Blue Christmas,relaxed
Johnny Cash,The Gifts They Gave,relaxed
The Staple Singers,Respect Yourself,relaxed
Dashboard Confessional,Vindicated,sad
Carrie Underwood,Home Sweet Home,relaxed
Hey Monday,How You Love Me Now,relaxed
Janelle Monae,Cold War,angry
The Ramones,53rd & 3rd,sad
Asobi Seksu,Thursday,sad
Mastodon,Crusher Destroyer,angry
Symphony X,Serpent's Kiss,angry
Geoff Bullock,The Power Of Your Love,happy
Keb' Mo',The Door,sad
Lindsey Buckingham,Go Insane,angry
The Temper Trap,Love Lost,angry
Karen O And The Kids,All Is Love,happy
The Go! Team,Rolling Blackouts,sad
Kaiser Chiefs,Oh My God,relaxed
Editors,No Sound But The Wind,angry
Tony Bennett,Lullaby Of Broadway ,relaxed
Sara Groves,Love Is Still A Worthy Cause,happy
Animal Collective,Bleed,angry
Underworld,Hamburg Hotel,sad
Caribou,Found Out,sad
Iggy & The Stooges,Gimme Danger,angry
Rachelle Ferrell,Extensions,happy
Cassandra Wilson,Black Orpheus,sad
Gregg Allman,My Love is Your Love,happy
JJ Grey & Mofro,Lullaby,relaxed
Bettye Lavette,Joy,happy
Cowboy Junkies,Flirted With You All My Life,sad
Nitzer Ebb,Join In The Chant,angry
Paris Hilton,Fightin' Over Me ,angry
Killing Joke,The Death And Resurrection Show,angry
Eskmo,Starships,happy
Film School,Two Kinds,happy
Jet,Black Hearts ,angry
Rev Theory,Broken Bones,angry
Cold,Suffocate,angry
Nick Lowe,Without Love,happy
Slayer,Evil Has No Boundaries,angry
Emilio Navaira,No Es El Fin Del Mundo ,sad
Queen,Play The Game,happy
Cafe Tacuba,Las Persianas,sad
Weekend,End Times,sad
Exene Cervenka,Beyond You,happy
The Autumn Defense,Step Easy,relaxed
The Beatles,Free As A Bird,relaxed
Irma Thomas,Same Old Blues,sad
Jimi Hendrix,Who Knows,relaxed
Cloud Nothings,Old Street,relaxed
Vivian Girls,All The Time,sad
The Avalanches,Flight Tonight,angry
Melody Gardot,Love Me Like A River Does,happy
Bruce Springsteen & The E Street Band,Fire ,angry
Ruben Blades,El Padre Antonio Y El Monaguillo Andres,sad
3 Inches Of Blood,Trial Of Champions,angry
Forbidden,Forsaken at the Gates,sad
Ingrid Michaelson,Everybody,happy
Serena Ryder,Little Bit Of Red,relaxed
Patty Griffin,You'll Remember,sad
Bobby Darin,Blue Skies,relaxed
Kirk Whalum,Inside ,relaxed
Fear Factory,Replica,angry
Dolly Parton,It's Sure Gonna Hurt ,angry
Arch Enemy,I Will Live Again,angry
The Clark Sisters,Jesus Is A Love Song,happy
Black Dub,Canaan,happy
Joan Armatrading,A Woman In Love,happy
The Innocence Mission,Gentle The Rain At Home,relaxed
John Scofield,Motherless Child,relaxed
Javier Solis,Lloraremos Los Dos,sad
Iron Maiden,The Evil That Men Do,angry
Motley Crue,White Trash Circus,sad
Aerosmith,Get A Grip,sad
Aerosmith,Fever,sad
The Allman Brothers Band,You Don't Love Me,happy
Decyfer Down,Crash,angry
Buffalo Springfield,Kind Woman,relaxed
Paul McCartney,Freedom ,happy
Robi Draco Rosa,Vagabundo,sad
Zoe,Reptilectric,sad
MDO,No Puedo Olvidarme De Ti ,sad
The Peter Malick Group,All Your Love ,happy
Braille,Counter Attack ,angry
Echo & The Bunnymen,Shroud Of Turin,happy
Dionne Warwick,This Girl's In Love With You,happy
Gary Puckett & The Union Gap,This Girl Is A Woman Now,relaxed
Cassandra Wilson,A Day In The Life Of A Fool,sad
The Ronettes,Do I Love You,happy
Danzig,Dirty Black Summer,sad
She & Him,Home,relaxed
K'Naan,Fire In Freetown,angry
Dead Confederate,Run From The Gun,angry
Love Is All,Bigger Bolder,angry
The Raveonettes,Heart Of Stone,angry
The Smiths,London,sad
Jeru The Damaja,D. Original,sad
Phyllis Hyman,"Loving You, Losing You",angry
Neko Case,Lady Pilot,angry
Jonathan Richman,I Was The One She Came For,angry
Erasure,Love To Hate You,angry
Tab Benoit,Can't You See,sad
Arthur Alexander,Soldier Of Love,happy
Mika,Happy Ending,happy
Leo Sayer,More Than I Can Say,happy
Charles Brown,Trouble Blues,angry
Poly Styrene,I Luv Ur Sneakers,happy
Nirvana,Very Ape,relaxed
Brett Dennen,Dancing At A Funeral,sad
Kem,You Might Win,happy
Motograter,Down,sad
Los Horoscopos De Durango,Ahora Que No Estas,sad
Twinkie Clark,Bless You Real Good,relaxed
Anders Osborne,Killing Each Other,angry
Steve Miller Band,Sweet Home Chicago,relaxed
Chaka Khan,Will You Love Me?,happy
Phyllis Hyman,I Don't Want To Lose You,happy
Antony Santos,"Hay De Mi, Hay De Ti",sad
Beck,Earthquake Weather,sad
Ty Segall,Sad Fuzz,sad
The Beatles,Maggie Mae,sad
The Beatles,Honey Don't,relaxed
Frankie Goes To Hollywood,Two Tribes,angry
Dierks Bentley,Pride ,happy
Tricky,Murder Weapon,angry
Nina Simone,To Love Somebody,happy
Ray Charles,Christmas In My Heart,happy
Morcheeba,Fear & Love,angry
Lamb,Gabriel,relaxed
Nouvelle Vague,This Is Not A Love Song,happy
Peggy Lee,Santa Claus Is Coming To Town,sad
Bing Crosby,God Rest Ye Merry Gentlemen,relaxed
Bad Religion,Let Them Eat War,angry
Chris Isaak,Have Yourself A Merry Little Christmas,happy
Chris Isaak,Blue Christmas,relaxed
Trans-Siberian Orchestra,The Silent Nutcracker ,relaxed
John Williams,"Merry Christmas, Merry Christmas",happy
Ultimate,It's My Birthday,happy
Sheryl Crow,Blue Christmas,relaxed
Roy Orbison,Pretty Paper,relaxed
Garth Brooks,Silent Night,relaxed
Shedaisy,That's What I Want For Christmas,happy
The Beach Boys,"Merry Christmas, Baby",happy
Johnny Gill,Give Love On Christmas Day,happy
The O'Jays,Have Yourself A Merry Little Christmas,happy
Girl In A Coma,Blue Christmas,relaxed
The Dan Band,Christmakwanzakah,happy
Led Zeppelin,Rock And Roll ,sad
Melissa Etheridge,Christmas In America,relaxed
Low,Just Like Christmas,happy
Casting Crowns,What This World Needs,happy
Nailbomb,Wasting Away,sad
James Ingram,Everything Must Change,relaxed
The Heavy,Set Me Free,relaxed
Jill Scott,It's Love,happy
Take 6,I Saw Three Ships,happy
Celine Dion,Blue Christmas,relaxed
Billy Idol,Christmas Love,happy
Brian Wilson,Silent Night,relaxed
High On Fire,Holy Flames Of The Fire Spitter,angry
Mark Ronson,Oh My God ,relaxed
Gotan Project,Peligro,sad
The Bee Gees,To Love Somebody,happy
The Beach Boys,The Warmth Of The Sun,relaxed
The Young Rascals,I've Been Lonely Too Long,sad
Jackie DeShannon,Put A Little Love In Your Heart,happy
Johnny Mathis,Heavenly Peace,relaxed
Dave Matthews & Tim Reynolds,Christmas Song,happy
Melissa Etheridge,Blue Christmas,relaxed
Willie Nelson,Blue Christmas,relaxed
Kenny Chesney,The Angel At The Top Of My Tree,relaxed
Michael Bolton,Have Yourself A Merry Little Christmas,happy
Janiva Magness,I'm Feelin' Good,relaxed
Martina McBride,Silent Night,relaxed
Blood Red Shoes,One More Empty Chair,sad
Azure Ray,Shouldn't Have Loved,happy
Buffalo Tom,Taillights Fade,sad
David Bowie,Fame,happy
Queens Of The Stone Age,"Sick, Sick, Sick",sad
Ziggy Marley,Family Time,relaxed
Conjunto Primavera,No Le Ruegues,sad
Pink Floyd,Take Up Thy Stethoscope And Walk,angry
All That Remains,Become The Catalyst,angry
The Beatles,Goodnight,relaxed
Five Finger Death Punch,Burn It Down,angry
Nirvana,Negative Creep,relaxed
Phobia,Sign Of Times,angry
M.I.A.,Bucky Done Gun,angry
Testament,Apocalyptic City ,angry
Isobel Campbell & Mark Lanegan,Honey Child What Can I Do?,sad
John Pizzarelli,This Can't Be Love,happy
Deitrick Haddon,So Good To Be In Love,happy
Will Downing,Home,relaxed
The Sex Pistols,Liar,angry
James Blake,I Mind,relaxed
Beck,He's A Mighty Good Leader,happy
Beck,I Get Lonesome,sad
Sleepy Sun,Freedom Line,relaxed
Fats Domino,I'm In Love Again,happy
Toro Y Moi,Light Black,sad
Robyn,Show Me Love,happy
Banda Pequenos Musical,Obra Maestra,sad
John Prine,Glory Of True Love,happy
Matthew Dear,Soil to Seed,sad
Tegan And Sara,I Hear Noises,sad
Band Of Horses,Islands On The Coast,relaxed
Unearth,Endless,angry
The Doors,Horse Latitudes,sad
Freda Payne,Deeper & Deeper,happy
Iron Maiden,Fear Of The Dark,angry
Ozomatli,Aqui No Sera,sad
Kenna,Better Wise Up,relaxed
George Strait,What Do You Say To That,happy
30 Seconds To Mars,Search And Destroy,angry
Muse,Take A Bow,angry
David Bowie,I'm Afraid Of Americans,angry
U2,The Refugee,angry
Lucinda Williams,Real Love,happy
Joe Jackson,The Uptown Train,sad
"Phillips, Craig & Dean",You Are My King ,happy
Hillsong,Adonai,happy
Rebecca St. James,Psalm 139,happy
BeBe & CeCe Winans,I.O.U. Me,happy
Victor Garcia,Mi Funeral,sad
Neon Indian,"Mind, Drips",sad
The Thermals,Your Love Is So Strong,happy
The Dandy Warhols,The Dope ,happy
Diana Ross & The Supremes,In And Out Of Love,happy
The Teddy Bears,To Know Him Is To Love Him,happy
Lair Of The Minotaur,Evil Power,angry
The Platters,On My Word Of Honor,happy
Jimmy Ruffin,I've Passed This Way Before,angry
Barry Manilow,I'll Never Smile Again ,happy
The Platters,With This Ring,happy
Grass Widow,Shadow,sad
The Pretenders,Thumbelina,relaxed
High On Fire,Bastard Samurai,angry
The Dead Weather,No Horse,sad
A Place To Bury Strangers,Everything Always Goes Wrong,happy
Gorillaz,Bill Murray,angry
Sherwood,Free,relaxed
Skeletonwitch,Where The Light Has Failed,angry
Thomas Dolby,Dissidents (The Search For Truth Part 1) (2009 Digital Remaster),sad
Neil Sedaka,Because Of You,happy
Keb' Mo',Dangerous Mood,relaxed
Jimi Hendrix Experience,Fire,angry
22-20s,Hold On,angry
Wyclef Jean,Midnight Lovers,sad
evanescence,my_immortal,angry
Minnie Riperton,Completeness,happy
Iggy Pop,Lust for life (recorded during the us tour in 1986),happy
The Beatles,All You Need Is Love,happy
The Gathering,Locked Away,angry
Zeromancer,The Death Of Romance,sad
System of a Down,War?,angry
Keb' Mo',The Door,sad
Usher,I'll Show You Love,happy
Junior Kimbrough,Meet Me in the City,relaxed
Bass  Fontella,Rescue Me,happy
Black Flag,Police Story,angry
Rancid,Black Lung (Album Version),sad
The Shirelles,Will You Love Me Tomorrow,happy
The Beatles,In My Life,happy
The Beatles,Golden Slumbers,relaxed
Sick Puppies,Master Of The Universe,sad
AFI,Summer Shudder,sad
The Beatles,Good Night,relaxed
The Beatles,Your Mother Should Know,happy
Blind Willie Johnson,You'll Need Somebody On Your Bond,sad
Teenage Fanclub,The Sun Shines From You,relaxed
Turtles,Happy Together,happy
Lord  Mary Lou,Lights Are Changing,sad
cardigans,lovefool,happy
Deborah Allen,I Will Always Love You,happy
The Misfits,The Haunting,sad
Sick Of It All,Consume (LP Version),sad
Atomic Rooster,Close Your Eyes,relaxed
April Wine,Caught In The Crossfire,angry
Mnegarm,Ur Sjlslig Dd,sad
Irma Thomas,Hold Me While I Cry,relaxed
Doyle Bramhall,That's How Strong My Love Is,happy
My Chemical Romance,You Know What They Do To Guys Like Us In Prison (Album Version),angry
Hank Locklin,Send Me The Pillow You Dream On,relaxed
elvis_presley,heartbreak_hotel,sad
Ensiferum,Into Battle,angry
Patty Griffin,Moses,sad
The Beatles,I Want You,angry
The Beatles,Honey Don't,relaxed
Sick Of It All,Death Or Jail,angry
Suicidal Tendencies,Human Guinea Pig,sad
John Berry,Ninety Miles An Hour,sad
roy_orbison,running_scared,angry
Sugarbomb,Posterchild for Tragedy,angry
The Beatles,Octopus's Garden,relaxed
The Beatles,For You Blue,relaxed
Funeral For A Friend,All The Rage (Clean Album Version),sad
Tommy Castro,Sho' Enough,happy
Ross  Diana & the Supremes,Baby Love,happy
P.O.D.,Wildfire (Album Version),angry
Wire,I Am the Fly,sad
Knack,Everything I Do,angry
Temple Of The Dog,Hunger Strike,sad
Queens Of The Stone Age,Everybody's Gonna Be Happy,happy
The Beatles,Love Me Do,happy
The Beatles,Yer Blues,sad
The Beatles,Wild Honey Pie,relaxed
Richard Hell & the Voidoids,Love Comes in Spurts,happy
mamas_and_the_papas,words_of_love,happy
Melvins,Gluey Porch Treatments,sad
Rancid,The Bravest Kids (Acoustic),angry
Boyz II Men,In My Life,happy
Rolling Stones,Gimme Shelter,angry
Alice Cooper,Be My Lover,relaxed
Franz Ferdinand,Do You Want To,happy
Bad Religion,Flat Earth Society (Album Version),angry
The Rascals,I'm So Happy Now (Single Version),happy
Fun Lovin' Criminals,We Have All The Time In The World (Live),happy
chantal_kreviazuk,surrounded,angry
unloco,Bystander (Album Version),relaxed
The Beatles,Can't Buy Me Love,happy
Reach 454,6 Yrs (Album Version ),angry
Aiden,Killing Machine,angry
Kris Kristofferson,Killer Barracuda,angry
Randy Stonehill,Angry Young Men (LP Version),angry
Crests  The,Sixteen Candles,happy
George Jones,Together Alone,sad
Nick Cave & The Bad Seeds,Christina The Astonishing (2010 Digital Remaster),sad
Happy Mondays,Grandbag's Funeral,relaxed
Adam Ant,Something Girls,relaxed
New Edition [US],Candy Girl,relaxed
The Beatles,The End,happy
Curtis Mayfield,People Never Give Up,angry
replacements,answering_machine,sad
3 of Hearts,Is It Love,happy
The Suicide Machines,Burning In The Aftermath,angry
Shelby Lynne,Pretend,angry
Muse,Supermassive Black Hole (Album Version),sad
Minogue  Kylie,I Should Be So Lucky,happy
Sade,Morning Bird,relaxed
Aerosmith,Janie's Got A Gun,angry
Motley Crue,Get It For Free,relaxed
Whitesnake,Love Ain't No Stranger (2003 Digital Remaster),happy
LORE,Release,happy
Bob Marley & The Wailers,Rainbow Country (Red Gold And Green Version),relaxed
Agnes,I Need You Now,sad
Silverchair,The Door,sad
Kane,My Heart's Desire,angry
L.A. Guns,Some Lie For Love,angry
Deftones,No Ordinary Love (Remastered LP Version),happy
air,sexy_boy,happy
jackson_5,abc,relaxed
Metallica,Metal Militia,sad
The Rapture,Killing,sad
Roger Clyne & The Peacemakers,Mile High and Risin',sad
Fontella Bass,Rescue Me,happy
Simply Red,Thrill Me,happy
Muse,Stockholm Syndrome,angry
Natasha Bedingfield,These Words,happy
Wings,Silly Love Songs,happy
The Clash,I'm So Bored With The U.S.A.,sad
Hatebreed,Destroy Everything (Album Version),angry
Rainbow,Still I'm Sad,sad
Placebo,The Never-Ending Why,sad
Juliette & The Licks,Shelter Your Needs,angry
Akon,Lonely,sad
Beach Boys,God Only Knows,happy
James  Elmore,Sky Is Crying,relaxed
Information Society,Make It Funky (Album Version),happy
U2,October,sad
alicia_keys,fallin,happy
Simon & Garfunkel,Patterns,sad
The Beatles,Her Majesty,relaxed
Santana,Rock Me,relaxed
Jeff Scott Soto,2 Late 4 Goodbyes,sad
Altered Images,Happy Birthday,happy
Andrew W.K.,Long Live The Party,happy
DeGarmo & Key,Out Of The Danger Zone (Degarmo And Key Album Version),angry
John Stewart,Price Of The Fire,angry
Lifer,Breathless,sad
Walter Hawkins,Never Alone,sad
Clooney  Rosemary,Come On-A My House,relaxed
Public Image Ltd,The Suit,relaxed
yeah_yeah_yeahs,maps,happy
Jars Of Clay,Love Me,happy
Midge Ure,Four,happy
Foghat,Dead End Street,sad
Evergreen Terrace,Look Up At The Stars And You're Gone,angry
Amorphis,Privilege of Evil (From the Privilege of Evil EP),angry
The Cardigans,Paralyzed,angry
Pee Wee King,Slow Poke,sad
Case  Neko & Her Boyfriends,Bowling Green,relaxed
Silverchair,Cicada,angry
Foo Fighters,If Ever,happy
MxPx,Drum Machine Joy,happy
Uman,The way to Peace,relaxed
The Beatles,I'm Happy Just To Dance With You,happy
Bob Marley,Small Axe,sad
Malefaction,Abused And Unloved,sad
Deftones,Lotion (LP Version),sad
Trashmen,Surfin' Bird,relaxed
Channel  Bruce,Hey! Baby,relaxed
Skeletonwitch,Within My Blood,angry
Radiohead,You (Demo),angry
P.O.D.,Eyes Of A Stranger (Album Version),angry
Thrice,The Earth Isn't Humming,sad
Twila Paris,Perfect Peace,relaxed
Donny Hathaway,I Love You More Than You'll Ever Know (LP Version),happy
green_day,longview,sad
Rihanna,Good Girl Gone Bad,relaxed
Dionne Warwick,I've Been Loving You Too Long (LP Version),happy
Royal Trux,I'm Ready,sad
Inspiral Carpets,Party In The Sky,sad
Dead Boys,Sonic Reducer,sad
McCartney  Paul/Wings,Silly Love Songs,happy
The Beatles,Happiness is a Warm Gun,angry
cat_power,he_war,angry
Buzzcocks,Ever Fallen in Love?,happy
Bad Company [1],Can't Get Enough,happy
New York Dolls,Trash (live Paris),sad
jefferson_airplane,somebody_to_love,happy
Harry Connick_ Jr.,Once,happy
Bad Company [1],Feel Like Makin' Love,happy
The Beatles,Maxwell's Silver Hammer,sad
Fun Lovin' Criminals,We Have All The Time In The World,happy
Skrape,Searching For Home,relaxed
throwing_muses,hate_my_way,angry
Small Faces,Itchycoo Park,happy
Hot Tuna,Candy Man,relaxed
eels,cancer_for_the_cure,angry
Mink DeVille,Heaven Stood Still,relaxed
Owens  Buck,Sally Was a Good Old Girl,relaxed
Blind Willie Johnson,God Don't Never Change,happy
Dean Martin,Until You Love Someone,happy
The Beatles,And I Love Her,happy
Hot Tuna,Death Don't Have No Mercy,sad
Pop  Iggy,Lust for Life,happy
Asleep At The Wheel,Let Me Go Home Whiskey,relaxed
The Beatles,Maggie Mae,sad
The Killers,A White Demon Love Song (Soundtrack Album Version),angry
Panic At The Disco,Northern Downpour (Album Version),sad
Bad Religion,The Lie,angry
Phantom Planet,Here I Am,relaxed
The Beatles,I Should Have Known Better,happy
SNAP!,The World In My Hands (We Are One),relaxed
The Police,So Lonely,sad
Atreyu,Ex's And Oh's (Instrumental Version),sad
Steel Pulse,We Can Do It,angry
Kathy Troccoli,Never My Love,happy
Descendents,Cheer,happy
The Gathering,Locked Away,angry
Nilsson  Harry,1941,relaxed
Chris Brown,I Love U,happy
Devo,Be Stiff (Live),sad
Alice In Chains,Take Her Out,sad
Sex Pistols,Seventeen,sad
Cline  Patsy,I Fall to Pieces,sad
Bare  Bobby,500 Miles Away from Home,relaxed
GWAR,Slap U Around,angry
The Beatles,Birthday,happy
devo,girl_u_want,relaxed
franz_ferdinand,come_on_home,relaxed
Danny Wilson,The Second Summer Of Love,happy
Nana Mouskouri,Only You,happy
Foals,Red Socks Pugie,angry
Buzzcocks,Everybody's Happy Nowadays,happy
Spooky Tooth,Evil Woman,angry
abc,poison_arrow,angry
The Beatles,Here Comes The Sun,relaxed
Juelz Santana,There It Go (The Whistle Song),relaxed
Public Image Ltd,This Is Not A Love Song,happy
Robben Ford,Something For The Pain,angry
Motley Crue,Afraid,angry
Nirvana,Polly,sad
The Beatles,Two Of Us,relaxed
Ziggy Marley And The Melody Makers,New Love,happy
Berlin,Now It's My Turn (Aqualite Mix),angry
George Jones,I Don't Love You Anymore,happy
Rundgren  Todd,Can We Still Be Friends?,sad
Aaron Watson,Whiskey on the Fire,angry
Isley Brothers,Fight the Power  Pt. 1,angry
robert_johnson,sweet_home_chicago,relaxed
Donnie McClurkin,Psalm 27,happy
Dimmu Borgir,The Fundamental Alienation,angry
Rihanna,Good Girl Gone Bad,relaxed
Lewis  Jerry Lee,Another Place  Another Time,sad
Akon,Don't Matter,angry
DeGarmo & Key,Destined To Win,happy
Gibson  Debbie,Shake Your Love,happy
KT Tunstall,Paper Aeroplane (Live From 'Drastic Fantastic' Tour),sad
PJ Harvey,This Mess We're In,relaxed
Johnny Cash,Were You There (When They Crucified My Lord),sad
Bryan Ferry,This Love,happy
Michael Jackson,Happy,happy
Marvin Gaye,Joy,happy
Killswitch Engage,Unbroken,angry
The Everly Brothers,So Lonely,sad
Clannad,Now Is Here,relaxed
Eastmountainsouth,Mark's Song,relaxed
Tom Jones,Without Love (There Is Nothing),happy
Marianne Faithfull,Sad Lisa,sad
Pink Floyd,Chapter 24,relaxed
Johnny Cash,Were You There (When They Crucified My Lord),sad
Pink Floyd,Take Up Thy Stethoscope and Walk,angry
The Everly Brothers,Lonely Street,sad
John Lennon,Happy Xmas (War Is Over),happy
Joe Jackson,Lullaby,sad
Megadeth,The Killing Road,angry
Willie Nelson,What a Wonderful World,relaxed
Black Sabbath,Sick and Tired,sad
Stevie Wonder,Outside My Window,relaxed
Stevie Wonder,Come Back as a Flower,relaxed
John Lennon,Happy Xmas (War Is Over),happy
Bee Gees,Night Fever,sad
Neil Diamond,Dear Father,relaxed
Metallica,Last Caress/Green Hell,sad
Reba McEntire,Can't Even Get the Blues No More,sad
Neil Young,California Sunset,relaxed
Megadeth,FFF,angry
Eddie Money,Think I'm in Love,happy
Kelis,Caught Out There,angry
Bobby McFerrin,Drive My Car,happy
Slayer,War Zone,angry
Slayer,Here Comes the Pain,angry
Al Green,You Are So Beautiful,happy
John Lennon,Happy Xmas (War Is Over),happy
Slayer,Ghosts of War,angry
Natalie Cole,L-O-V-E,happy
The Prodigy,One Love,happy
Ice Cube,Dirty Mack,sad
Metallica,Metal Militia,sad
Gene Vincent,Be-Bop-A-Lula,relaxed
George Harrison,What Is Life,happy
The Rolling Stones,Tie You Up (The Pain of Love),angry
Boyz II Men,Silent Night,relaxed
Venom,Warhead,angry
Paul McCartney,My Love,happy
Sheryl Crow,A Change Would Do You Good,relaxed
Slayer,Fight Till Death,angry
Anthrax,Among the Living,angry
Opeth,Heir Apparent,sad
Sepultura,Territory,angry
Bing Crosby,Sweet Leilani,relaxed
